from,to,dist_d,n_call,n_floor,car_position_call,car_direction_call,car_queue_buttons,car_queue_floor,dist_d_deny1,n_call_deny1,n_floor_deny1,car_position_deny1,car_direction_deny1,car_queue_buttons_deny1,car_queue_floor_deny1,dist_d_deny2,n_call_deny2,n_floor_deny2,car_position_deny2,car_direction_deny2,car_queue_buttons_deny2,car_queue_floor_deny2,dist_d_deny3,n_call_deny3,n_floor_deny3,car_position_deny3,car_direction_deny3,car_queue_buttons_deny3,car_queue_floor_deny3,waiting_time,journey_time,total_time
3,0,3,0,0,0,3,0,0,13,1,1,0,5,0,1,3,0,0,0,3,0,0,3,0,0,0,3,0,0,12,11,23
1,0,1,0,0,0,3,0,0,18,2,2,5,5,0,2,2,1,0,3,4,1,0,4,1,1,3,5,0,1,6,5,11
4,0,4,0,0,0,3,0,0,11,1,1,1,5,0,1,4,1,0,0,5,0,1,4,0,0,0,3,0,0,15,22,37
5,0,5,1,0,3,5,0,1,14,2,2,5,5,0,2,27,1,1,2,4,1,0,5,1,0,0,5,0,1,8,17,25
4,0,6,1,1,2,5,0,1,14,4,2,12,5,1,3,14,1,1,4,5,0,1,27,1,1,1,4,1,0,7,32,39
6,0,6,0,0,0,3,0,0,15,4,3,9,5,1,3,15,1,1,1,5,0,1,28,1,1,4,4,1,0,23,24,47
3,0,5,3,1,4,5,1,2,14,2,1,13,5,1,1,13,1,1,6,5,0,1,10,1,1,1,5,0,1,18,13,31
1,0,3,1,1,4,3,0,1,16,2,1,13,2,1,1,15,1,1,6,5,0,1,13,1,1,0,5,0,1,28,5,33
11,0,11,0,0,0,3,0,0,11,3,3,8,2,0,3,24,1,1,5,4,1,0,11,0,0,0,3,1,0,36,47,83
12,0,8,4,0,6,5,0,1,5,2,1,13,5,1,1,11,1,0,1,5,0,1,8,4,0,4,5,1,3,20,42,62
12,0,22,3,3,11,2,0,1,2,3,0,14,4,1,2,7,3,0,5,5,1,2,22,3,3,4,4,1,2,6,42,48
5,0,15,1,1,9,4,1,1,4,2,1,9,4,1,1,15,3,1,10,5,1,2,15,1,1,0,5,0,1,12,19,31
2,0,29,1,1,11,4,1,0,8,2,1,10,1,1,1,10,2,1,8,5,1,1,29,1,1,1,1,1,0,29,8,37
8,0,8,0,0,0,3,0,0,8,0,0,0,3,0,0,8,0,0,0,3,0,0,8,0,0,0,3,0,0,27,84,111
12,0,12,0,0,4,5,0,1,15,0,0,3,2,0,0,10,1,0,2,5,0,1,12,0,0,0,3,0,0,27,70,97
13,0,13,1,0,6,5,0,2,19,1,1,2,4,1,0,9,2,0,4,5,0,2,13,1,0,0,5,0,1,27,65,92
15,0,16,1,1,7,5,0,3,16,1,1,1,4,1,0,11,2,0,4,5,1,1,16,1,1,1,4,1,0,32,57,89
14,0,9,4,0,14,5,1,1,6,2,0,8,5,0,2,12,2,0,2,2,0,2,9,4,0,5,5,1,3,8,52,60
10,0,25,3,3,14,4,1,1,4,2,2,10,5,0,2,6,3,0,4,5,1,2,25,3,3,5,4,1,2,14,38,52
6,0,29,3,3,14,1,1,0,8,2,2,10,5,0,2,10,3,2,4,5,1,2,29,3,3,5,4,1,2,29,24,53
4,0,16,1,1,8,4,1,2,4,3,1,8,4,1,2,16,2,1,10,5,1,1,16,1,1,0,5,0,1,15,16,31
2,0,18,1,1,8,4,1,1,6,3,1,8,4,1,2,18,2,1,10,5,1,1,18,1,1,0,5,0,1,23,8,31
2,0,5,4,1,2,5,0,1,14,2,1,14,5,1,1,15,2,2,7,5,0,2,5,4,1,5,5,1,3,2,94,96
7,0,4,2,0,0,3,0,0,11,3,2,12,5,1,2,10,1,1,5,5,0,1,4,2,0,3,5,0,2,26,77,103
10,0,5,4,0,2,2,0,1,6,2,1,14,5,1,1,6,2,2,8,5,0,2,5,4,0,5,5,1,3,29,66,95
15,0,15,1,1,9,5,1,1,24,2,2,9,4,1,1,24,2,2,9,4,1,1,15,1,1,0,4,1,0,21,49,70
13,0,9,1,0,13,5,1,1,22,3,3,5,4,1,2,22,2,2,5,4,1,1,9,1,0,4,5,0,1,14,41,55
1,0,8,1,0,0,3,0,0,13,2,2,6,5,0,2,5,1,1,2,5,0,1,8,1,0,9,4,1,0,6,5,11
10,0,10,0,0,0,3,1,0,29,2,2,9,4,1,1,29,2,2,9,4,1,1,11,3,1,9,5,1,2,33,68,101
15,0,8,1,0,7,5,0,1,17,2,2,2,4,1,1,17,1,1,2,4,1,0,29,2,2,14,4,1,1,26,51,77
11,0,5,2,1,14,5,1,1,11,0,0,0,3,0,0,11,0,0,0,3,0,0,26,1,1,7,4,1,0,18,37,55
5,0,1,1,0,6,4,1,0,17,3,2,8,5,1,2,15,2,1,4,5,1,1,25,1,1,0,4,1,0,3,17,20
5,0,27,1,1,3,5,0,1,13,2,1,12,5,1,1,13,3,2,8,5,1,2,27,1,1,2,4,1,0,7,25,32
6,0,29,1,1,0,3,0,0,15,3,2,9,5,1,2,13,2,1,5,5,1,1,29,1,1,5,1,1,0,23,20,43
6,0,26,1,1,3,5,0,1,12,2,1,12,5,1,1,12,3,2,8,5,1,2,26,1,1,2,4,1,0,13,20,33
2,0,22,2,2,0,3,0,0,5,2,1,7,4,1,1,5,1,0,7,4,1,0,22,2,2,6,5,0,2,9,8,17
4,0,7,1,0,0,3,0,0,6,1,1,4,5,0,1,27,1,1,1,4,1,0,7,1,0,11,4,1,0,15,74,89
12,0,25,1,1,3,5,0,1,11,3,1,7,5,1,2,11,1,0,1,5,0,1,25,1,1,7,4,1,0,30,48,78
12,0,23,2,2,4,5,1,1,9,3,1,9,5,1,2,12,0,0,0,3,1,0,23,2,2,5,4,1,1,24,48,72
12,0,22,1,1,7,5,1,1,8,2,1,10,5,1,1,11,1,0,1,5,0,1,22,1,1,4,4,1,0,17,48,65
13,0,20,1,1,7,5,1,1,6,2,1,11,5,1,1,11,1,0,2,5,0,1,20,1,1,3,4,1,0,21,43,64
10,0,10,1,0,13,4,1,0,3,2,1,13,4,1,1,25,1,1,5,4,1,0,10,1,0,0,5,0,1,11,32,43
7,0,8,2,1,0,3,0,0,7,0,0,0,3,0,0,28,1,1,5,4,1,0,8,2,1,15,4,1,1,24,79,103
10,0,30,1,1,5,5,0,1,9,1,0,1,5,0,1,10,0,0,0,3,0,0,30,1,1,10,4,1,0,18,68,86
15,0,23,1,1,7,5,0,2,13,1,0,2,5,0,1,15,1,0,0,5,0,1,23,1,1,8,4,1,0,30,51,81
12,0,19,1,1,13,5,1,1,4,3,1,10,5,1,2,8,2,0,4,5,0,2,19,1,1,1,4,1,0,17,40,57
3,0,11,1,1,11,4,1,0,8,2,1,11,4,1,1,29,1,1,2,4,1,0,11,1,1,2,5,0,1,26,11,37
4,0,15,2,1,0,3,1,0,28,1,1,2,4,1,0,28,1,1,2,4,1,0,15,2,1,11,5,1,1,15,34,49
7,0,9,2,1,2,5,0,1,7,0,0,0,3,0,0,7,0,0,0,3,0,0,9,2,1,14,5,1,1,18,23,41
7,0,7,1,0,5,5,1,1,5,1,0,2,5,0,1,7,0,0,0,3,0,0,7,1,0,14,4,1,0,8,23,31
8,0,8,0,0,0,3,0,0,5,2,1,13,4,1,1,21,1,0,13,2,1,0,27,1,1,5,4,1,0,27,74,101
15,0,10,1,0,5,5,0,1,23,2,2,8,4,1,1,24,1,1,9,4,1,0,15,0,0,0,3,0,0,33,51,84
12,0,1,1,0,13,4,1,0,9,1,0,3,5,0,1,12,0,0,0,3,0,0,7,2,0,5,5,1,1,4,40,44
2,0,4,1,0,6,4,1,0,12,2,1,10,5,1,1,16,1,1,0,5,0,1,30,1,1,2,4,1,0,13,8,21
7,0,9,2,1,0,3,0,0,7,0,0,0,3,0,0,4,2,0,3,5,0,2,9,2,1,14,5,1,1,24,57,81
12,0,29,1,1,6,5,0,1,12,0,0,0,3,0,0,24,1,1,6,4,1,0,29,1,1,11,4,1,0,22,40,62
8,0,24,1,1,10,4,1,0,5,1,1,5,5,0,1,8,0,0,0,3,0,0,24,1,1,2,4,1,0,8,26,34
9,0,28,1,1,0,3,0,0,6,2,1,9,5,1,1,23,1,1,2,4,1,0,28,1,1,7,4,1,0,30,31,61
2,0,23,1,1,5,4,1,0,30,1,1,2,4,1,0,19,3,2,7,5,1,2,23,1,1,1,5,0,1,11,8,19
2,0,20,3,3,0,3,0,0,1,2,0,3,4,1,1,17,3,2,9,5,1,2,20,3,3,4,5,0,3,9,70,79
5,0,17,3,2,0,5,0,1,27,2,2,2,4,1,1,14,3,2,9,5,1,2,17,3,2,4,5,0,3,19,59,78
9,0,12,3,1,1,5,0,3,23,1,1,2,4,1,0,9,4,2,10,5,1,3,12,3,1,5,5,1,2,30,45,75
9,0,7,3,1,6,5,1,3,12,1,1,3,5,0,1,5,5,1,14,4,1,4,7,3,1,10,5,1,2,10,45,55
9,0,5,5,1,8,5,1,4,10,2,1,5,5,0,2,3,6,1,12,4,1,5,5,5,1,12,5,1,4,5,45,50
10,0,12,3,1,0,5,0,2,22,2,2,2,4,1,1,9,3,2,9,5,1,2,12,3,1,4,5,0,3,38,40,78
4,0,11,5,1,9,5,1,3,13,2,1,7,5,0,2,7,5,2,11,4,1,4,11,5,1,13,5,1,4,25,20,45
3,0,14,3,2,5,5,1,2,19,1,1,2,5,0,1,12,4,1,13,5,1,3,14,3,2,9,5,1,2,44,15,59
2,0,13,5,1,9,5,1,4,15,2,1,7,5,0,2,9,4,3,11,1,1,3,13,5,1,13,5,1,4,34,10,44
2,0,9,4,3,7,4,1,4,12,3,1,12,5,0,3,6,5,3,8,4,1,4,9,4,3,11,4,1,3,20,10,30
1,0,14,4,1,7,5,1,3,19,1,1,4,5,0,1,12,5,4,13,4,1,4,14,4,1,11,5,1,3,47,5,52
4,0,27,1,1,0,3,0,0,6,2,1,10,4,1,1,9,1,1,5,5,0,1,27,1,1,1,4,1,0,15,100,115
8,0,16,2,1,7,5,1,2,24,1,1,2,4,1,0,27,2,2,5,4,1,1,16,2,1,2,5,0,2,3,86,89
11,0,10,3,1,11,5,1,3,10,4,0,1,5,0,4,20,1,1,1,4,1,0,10,3,1,5,5,1,2,2,75,77
13,0,13,0,0,4,5,0,1,23,1,1,6,4,1,0,26,1,1,9,4,1,0,13,0,0,0,3,0,0,35,67,102
13,0,5,3,0,13,5,1,3,9,4,0,4,5,1,3,12,1,0,1,5,0,1,5,3,0,8,5,1,2,2,65,67
14,0,14,0,0,4,3,0,1,22,1,1,6,4,1,0,25,1,1,9,4,1,0,14,0,0,0,3,0,0,41,60,101
14,0,12,3,0,8,5,1,3,17,1,1,1,4,1,0,20,2,2,4,4,1,1,12,3,0,2,5,0,3,28,60,88
12,0,3,5,1,13,4,1,4,5,5,0,7,5,1,4,7,2,0,5,5,0,2,3,5,1,11,5,1,4,3,52,55
11,0,5,3,1,14,4,1,3,5,4,0,6,5,1,3,10,1,1,3,5,0,1,5,3,1,10,5,1,2,13,47,60
9,0,11,3,1,11,2,1,3,9,4,1,2,5,0,4,22,1,1,1,4,1,0,11,3,1,6,5,1,2,37,39,76
8,0,4,4,1,9,4,1,4,30,5,5,8,4,1,4,8,3,2,10,5,0,3,4,4,1,12,4,1,3,4,34,38
6,0,7,4,2,9,1,1,3,3,5,0,9,4,1,4,10,3,2,10,5,0,3,7,4,2,13,4,1,3,14,26,40
5,0,16,3,2,10,5,1,2,14,3,1,1,5,0,3,27,1,1,2,4,1,0,16,3,2,5,5,1,2,58,21,79
5,0,4,3,2,6,4,1,3,29,5,5,4,4,1,4,8,2,0,13,4,1,1,4,3,2,9,4,1,2,5,21,26
4,0,12,2,1,14,2,1,2,11,4,2,5,5,1,3,17,1,1,3,5,0,1,12,2,1,10,2,1,1,45,16,61
5,0,19,1,1,2,5,0,1,27,1,1,2,4,1,0,30,2,2,5,4,1,1,16,3,2,7,5,1,2,10,91,101
8,0,16,2,1,2,5,0,2,23,1,1,1,4,1,0,26,2,2,4,4,1,1,12,4,2,8,5,1,3,20,80,100
10,0,8,2,1,8,2,1,1,7,4,0,3,5,1,3,14,1,1,0,5,0,1,5,5,1,13,5,1,4,9,72,81
13,0,13,0,0,0,3,0,0,21,1,1,4,4,1,0,24,1,1,7,4,1,0,10,3,1,5,5,1,2,48,61,109
13,0,4,3,0,9,5,1,2,8,4,0,5,5,1,3,11,1,0,2,5,0,1,2,4,1,13,5,1,3,14,61,75
14,0,2,5,0,12,5,1,4,6,5,0,8,5,1,4,9,2,0,5,5,0,2,28,6,6,12,4,1,5,10,56,66
9,0,7,2,1,10,5,1,1,5,4,1,6,5,1,3,12,1,1,3,5,0,1,5,4,0,14,4,1,3,33,39,72
9,0,2,4,0,11,4,1,3,28,5,5,7,4,1,4,5,3,1,12,5,0,3,29,5,5,8,4,1,4,7,39,46
8,0,7,3,1,11,5,1,2,5,4,2,7,5,1,3,12,1,1,4,5,0,1,5,5,2,13,4,1,4,35,34,69
8,0,1,3,0,9,4,1,2,27,5,5,5,4,1,4,5,2,0,13,4,1,1,28,4,4,6,1,1,3,5,34,39
7,0,1,3,0,8,4,1,2,26,4,4,3,1,1,3,4,3,1,11,1,1,2,28,3,3,5,4,1,2,3,29,32
6,0,9,4,1,11,5,1,3,7,5,2,7,5,1,4,14,2,1,4,5,0,2,7,5,2,13,4,1,4,44,24,68
5,0,3,2,1,8,4,1,1,29,5,5,4,4,1,4,7,4,2,12,4,1,3,30,3,3,5,1,1,2,15,19,34
2,0,4,2,1,6,4,1,1,29,2,2,1,1,1,1,7,4,3,9,4,1,3,30,3,3,2,4,1,2,14,8,22
2,0,2,2,0,4,4,1,1,22,3,3,0,5,0,3,5,5,3,7,4,1,4,29,2,2,1,4,1,1,7,8,15
12,0,7,3,1,0,3,0,0,9,4,0,3,5,1,3,4,5,2,12,5,1,4,7,3,1,7,5,1,2,39,62,101
12,0,3,5,1,7,5,0,2,3,6,0,9,5,1,5,29,4,4,11,4,1,3,3,5,1,13,5,1,4,15,62,77
12,0,30,4,4,11,5,0,3,26,5,5,8,4,1,4,27,6,6,9,4,1,5,30,4,4,12,4,1,3,5,62,67
12,0,29,4,4,11,5,0,3,25,5,5,7,4,1,4,26,5,5,8,1,1,4,29,4,4,11,4,1,3,3,62,65
13,0,2,5,1,7,5,0,2,4,6,0,9,5,1,5,28,4,4,11,4,1,3,2,5,1,13,5,1,4,20,57,77
13,0,29,4,4,11,5,0,3,25,5,5,8,4,1,4,26,6,6,9,4,1,5,29,4,4,12,4,1,3,10,57,67
13,0,29,4,4,11,5,0,3,25,5,5,8,4,1,4,25,6,6,8,4,1,5,29,4,4,12,4,1,3,9,57,66
11,0,28,3,3,13,4,1,2,23,4,4,4,1,1,3,25,4,4,6,4,1,3,28,3,3,9,4,1,2,6,49,55
9,0,30,3,3,13,4,1,1,25,5,5,4,4,1,4,27,4,4,6,4,1,3,30,3,3,9,4,1,2,15,41,56
8,0,28,2,2,9,1,1,2,24,3,3,2,4,1,2,25,3,3,3,4,1,2,28,2,2,6,4,1,1,6,36,42
7,0,30,3,3,10,4,1,2,25,3,3,2,1,1,2,27,3,3,4,4,1,2,30,3,3,7,4,1,2,14,31,45
7,0,29,2,2,9,4,1,3,24,3,3,1,4,1,2,26,3,3,3,4,1,2,29,2,2,6,4,1,1,10,31,41
6,0,29,2,2,8,4,1,3,6,2,2,0,3,1,2,25,2,2,1,4,1,1,29,2,2,5,4,1,1,9,26,35
6,0,28,2,2,8,4,1,4,18,2,2,0,5,0,2,25,2,2,1,4,1,1,28,2,2,4,4,1,1,8,26,34
5,0,30,3,3,9,4,1,3,26,2,2,1,4,1,1,27,3,3,2,4,1,2,30,3,3,5,4,1,2,18,21,39
9,0,25,2,2,0,5,0,2,29,5,5,8,4,1,4,22,2,2,1,4,1,1,25,2,2,4,4,1,1,29,63,92
10,0,22,1,1,2,5,0,3,26,4,4,6,1,1,3,17,2,1,1,5,0,2,22,1,1,2,1,1,0,27,58,85
10,0,22,1,1,3,5,0,4,26,4,4,6,4,1,3,17,2,1,1,5,1,1,22,1,1,2,4,1,0,24,58,82
10,0,18,1,1,7,5,0,6,23,3,3,3,4,1,2,13,4,2,5,5,1,3,18,1,1,2,5,0,1,11,58,69
11,0,24,2,2,1,4,1,1,27,4,4,8,1,1,3,20,3,3,1,4,1,2,24,2,2,5,4,1,1,42,53,95
11,0,20,1,1,4,5,0,4,24,3,3,5,1,1,2,15,2,1,2,5,1,1,20,1,1,1,4,1,0,27,53,80
11,0,16,1,1,8,5,0,6,21,4,4,2,4,1,3,11,4,2,6,5,1,3,16,1,1,3,5,0,1,13,53,66
12,0,26,3,3,4,4,1,3,30,4,4,12,4,1,3,24,4,4,6,4,1,3,26,3,3,8,4,1,2,64,48,112
12,0,23,3,3,1,4,1,1,27,5,5,9,4,1,4,20,3,3,2,4,1,2,23,3,3,5,4,1,2,49,48,97
12,0,18,1,1,6,5,0,5,22,3,3,4,4,1,2,12,3,1,4,5,1,2,18,1,1,0,5,0,1,26,48,74
12,0,14,1,1,9,5,1,5,19,4,4,1,4,1,3,9,3,2,7,5,1,2,14,1,1,4,5,0,1,15,48,63
10,0,12,1,1,11,5,1,4,8,4,0,2,5,0,4,7,4,2,11,5,1,3,12,1,1,8,5,0,1,11,40,51
8,0,14,1,1,11,5,1,3,6,4,0,2,5,0,4,10,4,2,10,5,1,3,14,1,1,8,5,0,1,20,32,52
7,0,9,4,1,8,4,1,3,1,5,0,6,5,1,4,6,2,0,13,4,1,1,9,4,1,14,5,0,4,7,27,34
5,0,25,1,1,5,5,0,4,29,3,3,4,1,1,2,20,3,2,3,5,1,2,25,1,1,0,5,0,1,56,19,75
3,0,30,2,2,7,4,1,3,20,3,3,1,5,0,3,25,2,1,0,5,0,2,30,2,2,3,4,1,1,41,47,88
3,0,29,1,1,6,4,1,3,18,4,4,3,5,0,4,24,2,1,1,5,1,1,29,1,1,2,4,1,0,35,47,82
3,0,21,1,1,0,5,0,3,11,5,2,10,5,1,4,16,4,2,9,5,1,3,21,1,1,6,5,0,1,9,47,56
4,0,11,4,1,4,5,0,1,9,5,2,7,5,1,4,9,5,3,13,4,1,4,11,4,1,11,5,1,3,102,42,144
5,0,30,2,2,8,4,1,4,26,2,2,1,4,1,1,27,3,3,2,4,1,2,30,2,2,5,1,1,1,59,37,96
5,0,29,2,2,8,4,1,4,19,2,2,0,5,0,2,26,2,2,1,4,1,1,29,2,2,4,4,1,1,55,37,92
7,0,15,1,1,2,5,0,3,6,4,1,11,5,1,3,11,4,2,10,5,1,3,15,1,1,8,5,0,1,23,29,52
7,0,11,1,1,4,5,1,3,3,4,1,10,4,1,3,7,3,0,14,5,1,2,11,1,1,12,5,0,1,11,29,40
4,0,14,1,1,5,5,1,4,6,4,2,10,4,1,3,16,2,0,14,2,1,1,14,1,1,12,5,0,1,21,18,39
3,0,17,1,1,3,5,1,3,9,5,4,12,4,1,4,13,4,2,12,5,1,3,17,1,1,10,5,0,1,33,13,46
3,0,16,1,1,4,3,1,3,8,5,4,11,4,1,4,12,3,1,13,5,1,2,16,1,1,11,5,0,1,30,13,43
2,0,16,1,1,5,5,1,3,8,4,3,10,4,1,3,14,2,0,14,2,1,1,16,1,1,12,5,0,1,31,8,39
2,0,13,3,0,7,2,1,3,6,4,3,8,4,1,3,10,2,0,12,4,1,1,13,3,0,15,2,0,3,22,8,30
1,0,12,4,3,9,1,1,2,8,5,3,9,4,1,4,15,3,2,10,5,0,3,12,4,3,13,4,1,3,45,99,144
1,0,5,2,1,3,4,1,2,30,3,3,1,4,1,2,8,4,3,9,4,1,3,5,2,1,6,4,1,1,16,99,115
7,0,23,1,1,2,5,1,1,13,4,4,4,5,0,4,28,3,3,5,4,1,2,23,1,1,0,4,1,0,15,79,94
13,0,16,1,1,4,5,1,2,7,6,0,6,5,0,6,21,3,3,4,4,1,2,16,1,1,1,5,0,1,29,59,88
14,0,24,4,4,5,4,1,2,19,4,4,3,1,1,3,27,3,3,11,1,1,2,24,4,4,8,4,1,3,70,54,124
14,0,21,2,2,1,1,1,1,16,3,3,0,4,1,2,24,4,4,8,4,1,3,21,2,2,5,4,1,1,56,54,110
14,0,18,1,1,1,5,0,2,12,4,0,2,5,0,4,22,4,4,6,1,1,3,18,1,1,2,1,1,0,47,54,101
14,0,16,1,1,4,5,1,2,8,5,0,6,5,0,5,20,3,3,4,4,1,2,16,1,1,0,5,0,1,36,54,90
14,0,15,1,1,4,5,1,2,8,6,0,6,5,0,6,20,3,3,4,4,1,2,15,1,1,1,5,0,1,35,54,89
14,0,12,1,1,7,2,1,2,5,5,0,9,2,0,5,18,4,4,2,4,1,3,12,1,1,4,5,0,1,26,54,80
7,0,8,4,3,11,4,1,1,30,4,4,7,4,1,3,30,4,4,7,4,1,3,8,4,3,15,4,1,3,14,31,45
7,0,8,4,3,11,4,1,2,30,3,3,7,4,1,2,30,4,4,7,4,1,3,8,4,3,15,4,1,3,12,31,43
6,0,6,3,2,7,4,1,3,29,2,2,5,4,1,1,28,3,3,4,4,1,2,6,3,2,12,1,1,2,7,26,33
5,0,8,4,3,8,4,1,2,30,2,2,5,1,1,1,29,4,4,4,4,1,3,8,4,3,13,4,1,3,15,21,36
5,0,6,3,2,7,4,1,4,29,3,3,4,4,1,2,28,3,3,3,4,1,2,6,3,2,11,4,1,2,8,21,29
15,0,15,1,1,0,4,1,0,11,4,0,4,5,0,4,20,3,3,5,4,1,2,13,3,0,2,5,1,2,49,63,112
15,0,6,1,0,9,5,0,1,27,5,5,12,4,1,4,12,4,0,3,5,1,3,3,4,0,12,5,1,3,18,63,81
15,0,5,1,0,10,5,0,1,27,5,5,12,4,1,4,12,5,0,3,5,1,4,3,4,0,12,5,1,3,17,63,80
15,0,3,3,0,12,5,0,3,25,4,4,10,4,1,3,10,5,0,5,2,1,4,29,2,2,14,4,1,1,9,63,72
15,0,2,4,0,13,5,0,4,24,4,4,9,4,1,3,10,5,0,5,5,1,4,28,2,2,13,4,1,1,6,63,69
13,0,4,3,1,13,5,0,3,26,4,4,9,4,1,3,8,5,0,5,5,1,4,30,2,2,13,4,1,1,14,55,69
13,0,3,4,1,14,5,0,4,25,5,5,8,4,1,4,7,5,0,6,5,1,4,30,2,2,13,4,1,1,13,55,68
13,0,3,4,1,14,5,0,4,25,4,4,8,4,1,3,7,5,0,6,5,1,4,29,2,2,12,4,1,1,11,55,66
12,0,6,2,1,12,5,0,2,28,4,4,10,4,1,3,7,6,0,5,5,1,5,24,2,0,14,2,1,1,23,50,73
12,0,3,4,1,15,4,1,3,25,3,3,7,1,1,2,25,4,4,7,4,1,3,29,3,3,11,4,1,2,12,50,62
10,0,8,1,1,12,5,0,1,30,4,4,10,4,1,3,5,6,0,5,5,1,5,22,2,0,14,2,1,1,31,42,73
10,0,3,4,1,13,4,1,3,25,2,2,5,4,1,1,24,3,3,4,1,1,2,28,4,4,8,4,1,3,11,42,53
9,0,4,4,2,13,4,1,3,27,3,3,6,4,1,2,26,4,4,5,4,1,3,30,3,3,9,4,1,2,20,37,57
9,0,4,4,2,13,4,1,3,26,3,3,5,4,1,2,26,4,4,5,4,1,3,30,3,3,9,4,1,2,18,37,55
9,0,1,3,0,10,4,1,2,24,4,4,3,4,1,3,23,3,3,2,4,1,2,27,4,4,6,4,1,3,7,37,44
4,0,25,1,1,6,5,0,5,30,3,3,4,4,1,2,20,3,2,4,5,1,2,25,1,1,1,5,0,1,87,96,183
4,0,11,4,3,7,4,1,2,3,4,0,7,4,1,3,7,3,1,11,4,1,2,11,4,3,15,4,1,3,41,96,137
12,0,30,3,3,4,4,1,2,22,3,3,4,4,1,2,25,5,5,7,1,1,4,30,3,3,12,4,1,2,56,70,126
15,0,27,3,3,5,4,1,1,19,3,3,4,4,1,2,22,5,5,7,4,1,4,27,3,3,12,1,1,2,68,59,127
15,0,22,3,3,2,5,0,3,13,5,0,2,5,0,5,17,3,3,2,4,1,2,22,3,3,7,4,1,2,44,59,103
15,0,20,5,5,3,5,0,3,12,5,0,3,5,0,5,16,2,2,1,4,1,1,20,5,5,5,4,1,4,40,59,99
15,0,11,5,5,15,5,1,6,2,6,0,13,5,1,5,6,4,0,9,5,1,3,11,5,5,4,3,1,4,2,59,61
7,0,12,6,1,12,2,1,5,10,6,3,11,5,1,5,15,5,2,6,5,1,4,12,6,1,1,5,1,5,38,33,71
7,0,5,5,1,9,4,1,5,2,6,0,9,4,1,5,7,4,0,14,4,1,3,5,5,1,8,5,1,4,8,33,41
6,0,13,5,2,12,5,1,5,11,6,3,11,2,1,5,16,5,3,6,5,1,4,13,5,2,1,2,0,5,44,28,72
6,0,10,5,2,15,4,1,5,9,6,1,13,5,1,5,13,4,2,9,5,1,3,10,5,2,4,5,1,4,31,28,59
6,0,8,6,2,13,4,1,5,7,6,1,13,4,1,5,10,5,1,12,5,1,4,8,6,2,6,5,1,5,24,28,52
6,0,12,6,2,7,4,1,4,1,5,0,7,4,1,4,5,4,0,11,4,1,3,12,6,2,10,5,1,5,4,28,32
5,0,29,4,4,5,5,1,2,17,5,5,6,5,0,5,22,3,1,1,5,0,3,29,4,4,4,4,1,3,68,23,91
4,0,29,5,5,6,5,1,3,17,5,5,7,5,0,5,23,3,1,1,5,1,2,29,5,5,3,4,1,4,70,18,88
9,0,28,3,3,1,5,0,3,20,3,2,1,5,0,3,24,3,3,3,4,1,2,28,3,3,7,1,1,2,25,81,106
10,0,30,2,2,2,1,1,1,23,4,4,3,4,1,3,26,4,4,6,4,1,3,30,2,2,10,1,1,1,43,76,119
10,0,27,3,3,1,5,0,4,19,3,2,1,5,0,3,23,3,3,3,4,1,2,27,3,3,7,1,1,2,30,76,106
10,0,20,5,5,10,5,1,5,10,6,2,10,5,1,5,14,5,2,4,5,1,4,20,5,5,0,4,1,4,2,76,78
11,0,26,3,3,2,5,0,4,17,3,2,2,5,0,3,21,3,3,2,4,1,2,26,3,3,7,4,1,2,33,71,104
12,0,26,4,4,0,5,0,2,18,3,1,0,5,0,3,22,2,2,4,4,1,1,26,4,4,8,4,1,3,44,66,110
13,0,18,5,5,9,5,0,5,9,5,1,8,5,1,4,12,4,1,3,5,1,3,18,5,5,1,4,1,4,22,61,83
13,0,11,6,0,12,2,1,4,4,7,1,13,5,1,6,8,4,1,7,5,1,3,11,6,0,2,5,1,5,6,61,67
13,0,10,6,0,12,5,1,4,4,7,1,13,5,1,6,8,4,1,7,5,1,3,10,6,0,3,5,1,5,4,61,65
14,0,28,3,3,4,4,1,2,20,4,4,4,4,1,3,23,5,5,7,1,1,4,28,3,3,12,4,1,2,70,56,126
14,0,10,6,0,13,2,1,5,2,7,1,14,5,1,6,6,4,0,8,5,1,3,10,6,0,4,5,1,5,6,56,62
7,0,10,6,1,13,5,1,5,9,7,1,14,5,1,6,13,4,2,8,5,1,3,10,6,1,3,5,1,5,30,33,63
6,0,13,6,2,11,5,1,5,13,6,2,11,5,1,5,17,5,3,5,5,1,4,13,6,2,1,5,0,6,45,28,73
5,0,14,6,3,11,5,1,4,14,6,2,11,5,1,5,18,5,3,5,5,1,4,14,6,3,1,5,0,6,50,23,73
3,0,13,5,4,14,5,1,5,12,6,4,15,4,1,5,15,4,2,10,5,1,3,13,5,4,4,5,1,4,43,15,58
1,0,25,1,1,7,5,1,2,14,6,3,9,5,1,5,30,4,4,1,4,1,3,25,1,1,4,5,0,1,83,101,184
4,0,8,3,2,7,1,1,3,30,3,3,4,4,1,2,30,3,3,4,4,1,2,8,3,2,12,4,1,2,48,90,138
4,0,28,5,5,2,5,1,2,19,5,2,7,5,1,4,16,5,5,8,5,0,5,28,5,5,2,4,1,4,7,90,97
7,0,25,5,5,2,5,1,2,15,5,2,8,5,1,4,13,5,5,8,5,0,5,25,5,5,2,4,1,4,17,79,96
12,0,19,4,4,4,3,1,3,9,5,1,9,5,1,4,7,6,2,9,5,1,5,19,4,4,1,4,1,3,29,62,91
14,0,20,5,5,0,5,0,2,12,3,1,4,5,1,2,9,5,0,5,5,0,5,20,5,5,4,4,1,4,52,54,106
14,0,8,5,0,12,2,1,3,29,6,6,13,4,1,5,29,6,6,13,4,1,5,8,5,0,6,2,1,4,9,54,63
8,0,10,7,2,9,4,1,3,28,5,5,6,4,1,4,28,4,4,6,4,1,3,10,7,2,12,5,1,6,4,34,38
6,0,7,5,1,14,2,1,2,4,6,1,10,4,1,5,4,6,1,10,4,1,5,7,5,1,7,5,1,4,29,26,55
5,0,10,5,3,11,5,1,3,9,6,2,14,4,1,5,9,6,2,14,4,1,5,10,5,3,5,5,1,4,45,21,66
5,0,11,8,1,7,4,1,3,29,3,3,4,4,1,2,29,4,4,4,4,1,3,11,8,1,14,5,1,7,9,21,30
5,0,11,8,1,7,4,1,3,29,3,3,4,4,1,2,28,4,4,3,4,1,3,11,8,1,14,5,1,7,8,21,29
4,0,10,9,5,5,1,1,1,28,2,2,2,4,1,1,28,3,3,2,4,1,2,10,9,5,14,4,1,8,6,16,22
2,0,29,4,4,4,3,1,2,19,5,2,9,5,1,4,17,6,5,9,5,1,5,29,4,4,1,4,1,3,83,8,91
2,0,13,9,7,6,4,1,2,30,3,3,2,4,1,2,30,3,3,2,4,1,2,13,9,7,15,4,1,8,16,8,24
1,0,4,4,1,5,4,1,3,26,3,3,3,5,0,3,24,5,5,3,5,0,5,30,2,2,1,4,1,1,28,125,153
1,0,2,5,0,3,4,1,4,23,4,2,6,5,1,3,20,5,5,7,5,0,5,26,3,2,1,5,1,2,17,125,142
4,0,5,2,1,9,4,1,1,26,4,4,0,4,1,3,26,3,3,0,4,1,2,30,3,3,4,4,1,2,52,114,166
5,0,5,2,1,10,4,1,1,27,4,4,2,4,1,3,27,3,3,2,4,1,2,30,4,4,5,4,1,3,62,109,171
6,0,8,4,1,0,5,0,4,14,6,2,10,5,1,5,12,5,4,10,5,1,4,18,5,3,4,5,1,4,26,104,130
7,0,1,3,0,8,4,1,2,23,3,2,0,5,0,3,21,2,2,0,5,0,2,27,2,2,4,4,1,1,65,99,164
10,0,10,5,0,0,5,0,5,9,6,2,11,5,1,5,8,5,4,10,5,1,4,13,5,2,5,5,1,4,40,88,128
11,0,7,5,1,10,5,1,4,26,5,5,7,4,1,4,26,5,5,7,4,1,4,30,4,4,11,4,1,3,4,83,87
14,0,5,5,0,9,5,1,4,24,6,6,8,4,1,5,24,6,6,8,4,1,5,29,4,4,13,4,1,3,19,72,91
14,0,4,7,1,12,5,1,6,22,5,5,6,4,1,4,22,4,4,6,4,1,3,25,5,5,9,4,1,4,8,72,80
15,0,4,6,0,11,5,1,5,22,6,6,7,4,1,5,22,5,5,7,4,1,4,26,4,4,11,4,1,3,18,67,85
12,0,5,7,2,13,5,1,6,23,4,4,5,4,1,3,23,3,3,5,4,1,2,26,4,4,8,1,1,3,21,56,77
12,0,5,8,2,13,5,1,7,23,4,4,5,4,1,3,23,3,3,5,4,1,2,26,4,4,8,4,1,3,20,56,76
11,0,3,9,1,14,4,1,8,21,2,2,2,4,1,1,21,3,3,2,4,1,2,24,3,3,5,4,1,2,12,51,63
10,0,9,6,2,11,5,1,5,26,5,5,6,4,1,4,26,4,4,6,4,1,3,29,4,4,9,4,1,3,35,46,81
1,0,16,8,2,5,4,1,2,4,4,2,5,4,1,3,7,4,3,8,4,1,3,16,8,2,13,5,1,7,26,83,109
2,0,15,6,5,12,5,1,4,14,7,1,14,5,1,6,18,4,2,8,5,1,3,15,6,5,3,5,1,5,74,78,152
3,0,12,6,3,13,4,1,5,10,6,4,13,4,1,5,14,5,2,11,5,1,4,12,6,3,5,5,1,5,68,73,141
3,0,16,6,2,6,4,1,3,3,5,2,6,4,1,4,7,4,2,10,4,1,3,16,6,2,11,5,1,5,43,73,116
3,0,9,10,7,0,3,1,3,3,4,4,0,3,1,4,30,3,3,3,4,1,2,9,10,7,12,4,1,9,16,73,89
4,0,8,10,6,0,5,0,3,22,4,2,0,5,0,4,29,3,3,3,4,1,2,8,10,6,12,4,1,9,20,68,88
4,0,7,10,5,0,5,0,5,22,4,2,0,5,0,4,29,3,3,3,4,1,2,7,10,5,11,4,1,9,19,68,87
10,0,2,10,1,0,5,0,4,16,4,1,0,5,0,4,23,3,3,3,4,1,2,2,10,1,12,4,1,9,40,48,88
11,0,23,8,8,9,5,1,3,10,3,2,9,5,1,2,12,2,1,7,5,1,1,23,8,8,4,1,1,7,10,43,53
8,0,24,8,8,11,4,1,2,9,2,1,13,5,1,1,11,2,1,11,5,1,1,24,8,8,2,4,1,7,9,32,41
7,0,28,8,8,8,5,1,2,14,3,2,9,5,1,2,17,2,1,6,5,1,1,28,8,8,5,4,1,7,28,27,55
5,0,14,8,4,8,4,1,2,10,1,0,15,4,1,0,11,2,1,14,5,1,1,14,8,4,1,5,0,8,12,19,31
5,0,13,8,4,7,4,1,2,8,1,0,13,4,1,0,10,1,0,15,4,1,0,13,8,4,2,5,1,7,7,19,26
4,0,2,8,1,6,5,1,1,19,3,2,7,5,1,2,22,2,1,4,5,1,1,2,8,1,6,4,1,7,47,14,61
4,0,29,8,8,10,5,1,3,15,3,2,11,5,1,2,18,2,1,8,5,1,1,29,8,8,3,1,1,7,34,14,48
1,0,29,5,5,10,5,1,4,17,6,4,10,5,1,5,23,5,3,4,5,1,4,29,5,5,0,4,1,4,83,101,184
1,0,13,9,8,2,4,1,1,1,3,0,2,4,1,2,4,3,2,5,4,1,2,13,9,8,14,4,1,8,14,101,115
2,0,15,6,1,7,4,1,4,5,5,3,7,4,1,4,9,4,2,11,4,1,3,15,6,1,11,5,1,5,41,96,137
5,0,9,10,6,2,4,1,1,27,3,3,2,4,1,2,30,3,3,5,4,1,2,9,10,6,14,4,1,9,29,85,114
13,0,29,10,10,1,4,1,2,18,3,3,1,4,1,2,21,2,2,4,4,1,1,29,10,10,12,4,1,9,51,59,110
15,0,25,8,8,2,2,1,2,13,4,0,2,2,1,3,16,3,3,1,4,1,2,25,8,8,10,4,1,7,46,51,97
15,0,18,8,8,12,5,1,2,4,4,0,11,5,1,3,6,2,0,9,5,1,1,18,8,8,3,4,1,7,12,51,63
6,0,19,6,4,7,4,1,1,27,1,1,3,4,1,0,3,1,0,9,4,1,0,19,6,4,5,5,1,5,5,22,27
5,0,10,5,4,8,4,1,0,29,1,1,4,4,1,0,5,1,0,10,4,1,0,10,5,4,5,2,1,4,13,17,30
2,0,11,10,8,5,4,1,2,29,4,4,1,4,1,3,29,4,4,1,4,1,3,11,10,8,13,4,1,9,27,88,115
15,0,27,10,10,4,4,1,1,15,5,5,0,4,1,4,15,4,4,0,4,1,3,27,10,10,12,4,1,9,63,47,110
5,0,13,2,1,0,3,0,0,6,2,1,3,5,1,1,5,0,0,0,3,1,0,13,2,1,12,5,1,1,18,17,35
5,0,12,2,1,0,3,0,0,5,1,0,0,5,0,1,6,2,1,3,5,1,1,12,2,1,13,5,1,1,18,17,35
2,0,19,4,2,0,3,0,0,2,1,0,4,4,1,0,3,1,0,5,4,1,0,19,4,2,9,5,1,3,9,62,71
3,0,17,3,1,1,5,0,1,29,1,1,2,4,1,0,30,1,1,3,4,1,0,17,3,1,10,5,1,2,9,57,66
7,0,12,2,1,2,5,1,1,24,1,1,1,4,1,0,24,1,1,1,4,1,0,12,2,1,11,5,1,1,18,43,61
10,0,6,2,1,4,5,1,1,9,1,0,1,5,0,1,10,1,0,0,5,0,1,6,2,1,14,5,1,1,20,32,52
2,0,13,5,3,5,5,1,4,11,6,4,13,4,1,5,11,6,4,13,4,1,5,15,5,2,11,5,1,4,115,102,217
3,0,12,4,3,5,5,1,3,11,6,4,14,4,1,5,11,6,3,14,4,1,5,14,4,2,11,5,1,3,121,97,218
4,0,9,4,1,7,5,1,3,7,6,3,11,4,1,5,7,6,3,11,4,1,5,11,4,1,13,5,1,3,117,92,209
5,0,7,9,5,12,1,1,8,26,4,4,1,4,1,3,26,3,3,1,4,1,2,29,2,2,4,4,1,1,80,87,167
6,0,10,8,1,14,5,1,7,28,3,3,4,4,1,2,27,3,3,3,1,1,2,30,4,4,6,4,1,3,98,82,180
6,0,9,9,4,15,4,1,8,27,3,3,3,4,1,2,27,3,3,3,4,1,2,30,3,3,6,4,1,2,95,82,177
6,0,8,9,4,14,4,1,8,26,2,2,2,4,1,1,26,3,3,2,4,1,2,29,3,3,5,1,1,2,92,82,174
6,0,7,10,5,13,4,1,9,25,3,3,1,1,1,2,25,3,3,1,1,1,2,28,3,3,4,4,1,2,88,82,170
8,0,8,7,1,14,2,1,6,26,3,3,4,1,1,2,26,4,4,4,4,1,3,29,4,4,7,4,1,3,109,74,183
9,0,7,9,1,14,5,1,8,25,3,3,4,4,1,2,24,3,3,3,1,1,2,27,4,4,6,4,1,3,111,69,180
9,0,5,9,2,14,4,1,8,23,2,2,2,4,1,1,23,3,3,2,4,1,2,26,3,3,5,1,1,2,105,69,174
10,0,5,9,0,15,2,1,8,23,3,3,3,4,1,2,23,3,3,3,4,1,2,26,3,3,6,4,1,2,114,64,178
10,0,4,10,2,14,4,1,9,22,3,3,2,4,1,2,22,3,3,2,4,1,2,25,3,3,5,4,1,2,108,64,172
15,0,10,5,0,5,5,1,4,23,2,2,8,4,1,1,18,1,1,3,4,1,0,25,1,1,10,4,1,0,39,47,86
2,0,2,0,0,0,3,0,0,14,2,2,8,5,0,2,8,1,1,8,5,0,1,2,0,0,0,3,0,0,9,8,17
9,0,30,1,1,2,4,1,0,22,2,2,1,4,1,1,30,1,1,9,4,1,0,30,1,1,9,4,1,0,36,29,65
10,0,30,1,1,3,4,1,0,30,1,1,10,4,1,0,24,1,1,4,4,1,0,30,1,1,10,4,1,0,42,70,112
12,0,26,1,1,0,4,1,1,26,1,1,8,4,1,0,19,2,2,1,4,1,1,26,1,1,8,4,1,0,42,62,104
15,0,15,0,0,10,5,0,2,14,1,0,1,5,0,1,24,0,0,9,2,0,0,15,0,0,0,3,0,0,21,51,72
15,0,13,1,0,12,5,1,1,16,1,1,1,4,1,0,21,1,1,6,4,1,0,13,1,0,2,5,0,1,11,51,62
15,0,10,1,0,14,5,1,1,15,0,0,0,3,0,0,19,1,1,4,4,1,0,10,1,0,5,5,0,1,3,51,54
13,0,6,1,0,14,4,1,1,13,0,0,0,3,0,0,19,1,1,2,4,1,0,6,1,0,7,5,0,1,5,43,48
11,0,9,1,1,15,4,1,0,11,0,0,0,3,0,0,21,1,1,2,4,1,0,9,1,1,6,5,0,1,15,35,50
1,0,5,1,0,0,3,0,0,3,1,1,0,5,0,1,1,0,0,0,3,0,0,5,1,0,6,4,1,0,6,5,11
2,0,5,1,0,0,3,0,0,2,0,0,0,3,0,0,2,0,0,0,3,0,0,5,1,0,7,4,1,0,9,8,17
13,0,13,0,0,0,3,0,0,7,3,1,10,5,1,2,12,1,0,1,5,0,1,26,1,1,9,4,1,0,42,51,93
14,0,3,2,0,11,5,0,2,27,1,1,11,4,1,0,14,0,0,0,3,0,0,14,0,0,0,3,0,0,11,46,57
11,0,4,1,1,11,5,0,1,30,1,1,11,4,1,0,11,0,0,0,3,0,0,11,0,0,0,3,0,0,22,35,57
1,0,30,1,1,0,3,0,0,8,1,1,1,5,0,1,23,2,2,4,5,0,2,30,1,1,1,4,1,0,6,5,11
1,0,1,0,0,0,3,0,0,4,1,0,5,5,0,1,19,2,2,8,5,0,2,1,0,0,0,3,0,0,6,5,11
5,0,27,1,1,0,3,0,0,25,1,1,0,4,1,0,21,2,2,2,5,0,2,27,1,1,2,4,1,0,18,17,35
3,0,3,0,0,0,3,0,0,3,1,0,0,5,0,1,2,1,0,5,4,1,0,17,2,2,8,5,0,2,12,11,23
2,0,5,0,0,0,3,0,0,30,1,1,2,4,1,0,14,1,1,12,2,0,1,5,0,0,3,2,0,0,9,8,17
12,0,23,1,1,0,3,0,0,11,1,0,1,5,0,1,11,1,0,1,5,0,1,23,1,1,5,4,1,0,39,52,91
14,0,19,1,1,2,5,0,1,17,1,1,1,4,1,0,14,0,0,0,3,0,0,19,1,1,3,4,1,0,40,44,84
0,4,0,0,0,0,3,0,0,0,0,0,0,3,0,0,0,0,0,0,3,0,0,0,0,0,0,3,0,0,1,16,17
0,5,0,0,0,0,3,0,0,8,2,2,0,5,1,1,0,0,0,0,3,0,0,0,0,0,0,3,0,0,1,19,20
0,6,0,0,0,0,3,0,0,7,1,1,1,5,1,0,9,1,1,1,5,1,0,18,1,1,0,5,1,0,1,22,23
0,9,0,0,0,0,3,0,0,8,1,1,0,5,1,0,10,1,1,0,2,1,0,0,0,0,0,3,0,0,1,31,32
0,4,9,1,1,4,3,0,0,5,0,0,5,2,1,0,14,1,1,4,5,1,0,9,1,1,3,5,1,0,15,14,29
0,3,4,1,0,0,3,0,0,23,4,4,1,5,4,0,9,0,0,9,3,0,0,4,1,0,4,4,0,1,1,13,14
0,6,6,1,0,1,4,0,1,2,1,0,2,4,0,1,10,1,1,8,5,1,0,6,1,0,6,4,0,1,3,22,25
0,4,5,1,0,1,4,0,1,24,4,4,0,5,4,0,9,0,0,9,3,0,0,5,1,0,5,4,0,1,4,18,22
0,5,9,1,1,5,3,0,0,4,1,0,4,4,0,1,13,1,1,5,5,1,0,9,1,1,3,5,1,0,18,23,41
0,5,4,1,0,0,4,0,1,24,4,4,0,5,4,0,9,0,0,9,3,0,0,4,1,0,4,4,0,1,2,23,25
0,4,1,1,0,1,4,0,1,21,4,4,3,5,4,0,15,4,4,1,5,4,0,9,1,0,9,4,0,1,5,14,19
0,8,5,1,0,1,4,0,1,24,4,4,0,5,4,0,9,0,0,9,3,0,0,5,1,0,5,4,0,1,3,34,37
0,6,6,0,0,6,3,0,0,1,1,0,1,4,0,1,3,1,0,3,4,0,1,10,1,1,8,5,1,0,21,22,43
0,11,6,1,0,1,4,0,1,2,1,0,2,4,0,1,10,1,1,8,5,1,0,6,1,0,6,4,0,1,4,39,43
0,12,8,1,1,4,4,0,1,5,1,0,5,4,0,1,13,1,1,5,5,1,0,8,1,1,4,5,1,0,12,44,56
0,12,7,1,1,3,4,0,1,4,1,0,4,4,0,1,12,1,1,6,5,1,0,7,1,1,5,5,1,0,10,44,54
0,1,14,2,2,3,4,0,1,16,2,2,8,5,2,0,10,1,1,6,5,1,0,14,2,2,4,5,2,0,10,7,17
0,9,0,1,0,0,4,0,1,20,3,3,4,5,3,0,14,4,4,2,5,4,0,8,1,0,8,4,0,1,2,33,35
0,2,13,2,2,2,4,0,1,14,2,2,10,5,2,0,9,1,1,7,5,1,0,13,2,2,5,5,2,0,6,12,18
0,4,2,1,0,9,3,0,0,21,4,4,3,5,4,0,15,4,4,1,5,4,0,2,1,0,2,4,0,1,30,20,50
0,5,13,2,2,2,4,0,1,15,2,2,9,5,2,0,9,1,1,7,5,1,0,13,2,2,5,5,2,0,7,25,32
0,6,12,1,1,0,3,0,0,13,1,1,11,5,1,0,8,0,0,8,3,0,0,12,1,1,6,5,1,0,1,30,31
0,7,16,3,3,5,4,0,1,18,2,2,6,5,2,0,12,2,2,4,5,2,0,16,3,3,2,5,3,0,17,35,52
0,4,9,0,0,0,3,0,0,5,1,0,5,4,0,1,23,3,3,5,5,3,0,9,0,0,9,3,0,0,1,16,17
0,1,7,1,0,1,4,0,1,20,3,3,2,5,3,0,20,1,1,8,5,1,0,7,1,0,7,4,0,1,4,5,9
0,8,10,1,1,7,4,0,1,12,1,0,12,4,0,1,27,7,7,1,5,7,0,10,1,1,8,5,1,0,23,30,53
0,14,14,2,2,2,4,0,1,15,2,2,9,5,2,0,10,1,1,6,5,1,0,14,2,2,4,5,2,0,8,58,66
0,11,11,1,1,8,3,0,0,13,1,1,11,5,1,0,28,7,7,0,2,7,0,11,1,1,7,5,1,0,27,41,68
0,9,7,1,0,1,4,0,1,19,3,3,3,5,3,0,20,1,1,8,5,1,0,7,1,0,7,4,0,1,3,31,34
0,9,5,1,0,5,4,0,1,28,3,3,0,5,3,0,18,2,2,4,5,2,0,18,1,1,10,5,1,0,16,29,45
0,14,11,1,1,12,2,1,0,8,1,0,8,4,0,1,28,7,7,0,5,7,0,11,1,1,7,5,1,0,39,48,87
0,10,9,0,0,9,3,0,0,4,1,0,4,4,0,1,22,3,3,0,5,3,0,22,2,2,6,5,2,0,30,34,64
0,1,19,2,2,13,4,0,1,21,2,2,7,5,2,0,12,1,1,10,5,1,0,19,2,2,1,5,2,0,41,5,46
0,3,10,0,0,1,4,0,1,14,0,0,14,3,0,0,1,1,0,1,4,0,1,10,0,0,10,3,0,0,3,11,14
0,2,20,2,2,14,3,0,0,23,2,2,5,5,2,0,13,1,1,9,5,1,0,20,2,2,0,5,2,0,45,10,55
0,4,17,2,2,11,4,0,1,20,2,2,8,5,2,0,12,1,0,12,4,0,1,17,2,2,3,5,2,0,35,16,51
0,4,10,0,0,0,4,0,1,14,0,0,14,3,0,0,30,9,9,0,5,9,0,10,0,0,10,3,0,0,2,18,20
0,5,16,2,2,10,4,0,1,19,1,1,9,5,1,0,10,1,0,10,4,0,1,16,2,2,4,5,2,0,30,21,51
0,5,13,2,2,7,4,0,1,17,1,1,11,5,1,0,8,1,0,8,4,0,1,13,2,2,7,5,2,0,23,21,44
0,6,18,2,2,11,2,1,0,20,2,2,8,5,2,0,12,1,0,12,4,0,1,18,2,2,2,5,2,0,36,26,62
0,7,17,2,2,11,4,0,1,19,2,2,9,5,2,0,11,1,0,11,4,0,1,17,2,2,3,5,2,0,33,31,64
0,7,13,2,2,7,4,0,1,16,1,1,12,5,1,0,8,1,0,8,4,0,1,13,2,2,7,5,2,0,22,31,53
0,7,12,2,2,6,4,0,1,15,1,1,13,5,1,0,7,1,0,7,4,0,1,12,2,2,8,5,2,0,19,31,50
0,10,10,0,0,1,4,0,1,14,0,0,14,3,0,0,2,1,0,2,4,0,1,10,0,0,10,3,0,0,5,42,47
0,2,2,1,0,2,4,0,1,14,0,0,14,3,0,0,23,4,4,7,2,5,0,2,1,0,2,4,0,1,7,8,15
0,11,17,2,2,11,4,0,1,20,2,2,8,5,2,0,12,1,0,12,4,0,1,17,2,2,3,5,2,0,34,47,81
0,5,10,0,0,10,3,0,0,14,0,0,14,3,0,0,29,9,9,1,5,9,0,8,3,3,0,5,3,0,33,17,50
0,5,6,1,0,6,4,0,1,14,0,0,14,3,0,0,26,7,7,4,5,7,0,4,1,1,4,5,1,0,18,17,35
0,14,12,2,2,6,4,0,1,15,1,1,13,5,1,0,6,1,0,6,4,0,1,12,2,2,8,5,2,0,18,58,76
0,15,12,2,2,6,4,0,1,16,1,1,12,5,1,0,7,1,0,7,4,0,1,12,2,2,8,5,2,0,20,63,83
0,15,4,1,0,4,3,0,0,14,0,0,14,3,0,0,25,6,6,5,5,6,0,4,1,0,4,4,0,1,15,49,64
0,5,3,1,0,3,4,0,1,14,0,0,14,3,0,0,16,1,1,14,5,1,0,24,1,1,6,5,1,0,11,17,28
0,5,2,1,0,2,4,0,1,14,0,0,14,3,0,0,15,0,0,15,3,0,0,22,1,1,8,5,1,0,7,17,24
0,6,5,0,0,5,2,1,0,14,0,0,14,3,0,0,18,2,2,12,5,2,0,26,1,1,4,5,1,0,18,22,40
0,1,5,1,0,5,4,0,1,8,1,0,8,4,0,1,11,1,0,11,4,0,1,12,1,0,12,4,0,1,16,5,21
0,1,15,1,1,0,4,0,1,4,1,0,4,4,0,1,5,1,0,5,4,0,1,15,1,1,1,5,1,0,2,5,7
0,1,13,1,1,2,4,0,1,25,6,6,1,2,7,0,3,1,0,3,4,0,1,13,1,1,3,5,1,0,6,5,11
0,8,6,1,1,6,5,1,0,10,1,0,10,4,0,1,13,1,0,13,4,0,1,14,1,0,14,4,0,1,22,28,50
0,7,15,1,1,1,4,0,1,4,1,0,4,4,0,1,5,1,0,5,4,0,1,15,1,1,1,5,1,0,3,25,28
0,3,10,1,1,0,3,0,0,23,6,6,3,5,6,0,16,4,4,0,5,4,0,10,1,1,6,5,1,0,1,13,14
0,5,12,1,1,1,4,0,1,25,6,6,1,5,6,0,2,1,0,2,4,0,1,12,1,1,4,5,1,0,3,19,22
0,9,16,2,2,2,4,0,1,5,1,0,5,4,0,1,6,1,0,6,4,0,1,16,2,2,0,5,2,0,6,33,39
0,7,8,2,2,15,3,0,0,12,1,0,12,4,0,1,16,1,1,14,5,1,0,8,2,2,4,5,2,0,48,27,75
0,10,11,2,2,14,3,0,0,15,0,0,15,3,0,0,18,1,1,12,5,1,0,11,2,2,1,5,2,0,45,38,83
0,7,11,1,1,1,4,0,1,24,6,6,2,5,6,0,16,4,4,0,5,4,0,11,1,1,5,5,1,0,3,27,30
0,8,14,1,1,3,4,0,1,26,7,7,0,5,7,0,4,1,0,4,4,0,1,14,1,1,2,5,1,0,9,32,41
0,8,13,1,1,2,4,0,1,25,7,7,1,5,7,0,3,1,0,3,4,0,1,13,1,1,3,5,1,0,7,32,39
0,11,15,2,2,1,4,0,1,5,1,0,5,4,0,1,6,1,0,6,4,0,1,15,2,2,1,5,2,0,5,43,48
0,12,8,2,2,12,4,0,1,15,1,0,15,4,0,1,15,1,1,15,5,1,0,8,2,2,4,5,2,0,36,48,84
0,1,2,1,0,2,4,0,1,16,3,3,10,5,3,0,8,1,1,8,5,1,0,23,1,1,7,5,1,0,6,5,11
0,13,15,1,1,1,4,0,1,4,1,0,4,4,0,1,5,1,0,5,4,0,1,15,1,1,1,2,2,0,4,53,57
0,2,8,1,0,8,4,0,1,20,6,6,6,5,6,0,13,3,3,3,5,3,0,28,3,3,2,5,3,0,24,10,34
0,2,5,1,0,5,4,0,1,18,5,5,8,5,5,0,11,2,2,5,5,2,0,26,2,2,4,5,2,0,17,10,27
0,3,1,1,0,1,4,0,1,15,2,2,11,2,3,0,8,1,0,8,4,0,1,23,1,1,7,5,1,0,4,15,19
0,15,7,2,2,15,2,1,0,11,1,0,11,4,0,1,15,1,0,15,4,0,1,7,2,2,5,5,2,0,48,53,101
0,4,8,2,2,8,5,1,1,21,6,6,5,5,6,0,14,3,3,2,5,3,0,29,3,3,1,5,3,0,28,20,48
0,5,7,1,0,7,4,0,1,19,6,6,7,5,6,0,13,3,3,3,5,3,0,28,3,3,2,5,3,0,23,25,48
0,5,7,1,0,7,4,0,1,19,5,5,7,2,6,0,12,3,3,4,5,3,0,27,3,3,3,5,3,0,22,25,47
0,5,5,1,0,5,4,0,1,18,5,5,8,5,5,0,11,2,2,5,5,2,0,26,2,2,4,5,2,0,16,25,41
0,5,3,1,0,3,4,0,1,17,4,4,9,5,4,0,9,2,2,7,5,2,0,24,2,2,6,5,2,0,11,25,36
0,6,4,1,0,4,4,0,1,17,4,4,9,2,5,0,10,2,2,6,5,2,0,25,2,2,5,5,2,0,14,30,44
0,6,4,1,0,4,4,0,1,17,4,4,9,5,4,0,10,2,2,6,5,2,0,25,2,2,5,5,2,0,12,30,42
0,2,25,10,10,6,4,0,1,14,1,1,12,5,1,0,20,1,1,10,5,1,0,25,10,10,1,2,10,1,18,10,28
0,2,24,9,9,4,4,0,1,13,0,0,13,3,0,0,18,1,1,12,5,1,0,24,9,9,2,2,9,1,13,10,23
0,7,2,1,0,2,4,0,1,16,3,3,10,5,3,0,9,1,1,7,5,1,0,23,1,1,7,2,2,0,7,35,42
0,4,23,8,8,2,4,0,1,13,0,0,13,3,0,0,17,1,1,13,5,1,0,23,8,8,3,2,8,1,8,18,26
0,5,23,9,9,3,4,0,1,13,0,0,13,3,0,0,17,1,1,13,5,1,0,23,9,9,3,5,8,1,9,23,32
0,11,3,1,0,3,4,0,1,16,4,4,10,5,4,0,9,1,1,7,2,2,0,24,2,2,6,5,2,0,10,49,59
0,6,26,10,10,7,4,0,1,14,1,1,12,2,2,0,21,1,1,9,5,1,0,26,10,10,0,5,10,0,21,28,49
0,6,25,10,10,5,4,0,1,13,1,1,13,5,1,0,20,1,1,10,5,1,0,25,10,10,1,5,9,1,17,28,45
0,12,8,1,0,8,4,0,1,20,6,6,6,5,6,0,14,3,3,2,5,3,0,29,3,3,1,5,3,0,26,54,80
0,13,10,1,1,6,5,1,0,23,6,6,3,5,6,0,15,4,4,1,5,4,0,30,4,4,0,5,3,1,33,59,92
0,9,23,8,8,2,4,0,1,13,0,0,13,3,0,0,16,1,1,14,5,1,0,23,8,8,3,5,7,1,6,39,45
0,11,25,10,10,5,4,0,1,13,0,0,13,2,1,0,19,1,1,11,5,1,0,25,10,10,1,5,9,1,16,47,63
0,1,21,6,6,12,4,0,1,30,9,9,0,5,9,0,15,1,0,15,4,0,1,21,6,6,5,5,5,1,38,7,45
0,1,17,4,4,7,4,0,1,25,8,8,5,5,7,1,9,1,0,9,4,0,1,17,4,4,9,5,3,1,21,7,28
0,12,24,10,10,4,4,0,1,13,0,0,13,3,0,0,19,1,1,11,5,1,0,24,10,10,2,5,9,1,14,52,66
0,12,24,9,9,3,4,0,1,13,0,0,13,3,0,0,18,1,1,12,5,1,0,24,9,9,2,5,8,1,11,52,63
0,2,16,4,4,6,4,0,1,25,7,7,5,2,7,1,9,1,0,9,4,0,1,16,4,4,10,5,3,1,20,12,32
0,2,16,4,4,6,4,0,1,25,7,7,5,5,6,1,8,1,0,8,4,0,1,16,4,4,10,5,3,1,18,12,30
0,1,10,1,0,1,4,0,1,30,10,10,0,5,10,0,19,4,4,11,2,4,1,10,1,0,10,4,0,1,3,5,8
0,3,15,3,3,5,4,0,1,24,7,7,6,5,6,1,7,1,0,7,4,0,1,15,3,3,11,2,3,1,16,17,33
0,14,24,9,9,4,4,0,1,13,0,0,13,3,0,0,18,1,1,12,5,1,0,24,9,9,2,5,8,1,12,60,72
0,4,19,4,4,9,4,0,1,27,9,9,3,5,8,1,11,1,0,11,4,0,1,19,4,4,7,5,3,1,27,22,49
0,15,1,1,0,8,2,1,0,15,3,3,11,5,3,0,23,1,1,7,5,1,0,1,1,0,1,4,0,1,27,65,92
0,15,26,10,10,7,4,0,1,14,2,2,12,5,2,0,21,1,1,9,5,1,0,26,10,10,0,5,10,0,22,65,87
0,15,24,9,9,3,4,0,1,13,0,0,13,3,0,0,17,1,1,13,5,1,0,24,9,9,2,5,8,1,10,65,75
0,15,23,8,8,2,4,0,1,13,0,0,13,3,0,0,16,1,1,14,5,1,0,23,8,8,3,5,7,1,7,65,72
0,4,12,1,0,2,4,0,1,30,11,11,0,5,10,1,20,5,5,10,5,4,1,12,1,0,12,4,0,1,7,16,23
0,8,22,7,7,13,3,0,0,30,10,10,0,5,9,1,15,0,0,15,3,0,0,22,7,7,4,5,6,1,42,36,78
0,8,20,5,5,11,4,0,1,29,10,10,1,5,9,1,14,1,0,14,4,0,1,20,5,5,6,2,5,1,35,36,71
0,8,15,4,4,5,4,0,1,25,7,7,5,5,6,1,8,1,0,8,4,0,1,15,4,4,11,5,3,1,17,36,53
0,9,15,3,3,5,4,0,1,24,6,6,6,2,6,1,7,1,0,7,4,0,1,15,3,3,11,5,2,1,15,41,56
0,10,21,7,7,15,3,0,0,13,1,0,13,4,0,1,30,9,9,0,2,9,0,21,7,7,5,5,6,1,48,36,84
0,10,11,1,0,1,4,0,1,30,10,10,0,5,10,0,20,5,5,10,5,4,1,11,1,0,11,4,0,1,5,36,41
0,1,7,1,0,7,4,0,1,28,9,9,2,5,8,1,17,3,3,13,5,2,1,21,3,3,1,5,3,0,23,7,30
0,10,18,4,4,8,4,0,1,26,9,9,4,5,8,1,11,1,0,11,4,0,1,18,4,4,8,5,3,1,26,46,72
0,11,11,1,0,2,4,0,1,30,10,10,0,2,10,0,20,5,5,10,5,4,1,11,1,0,11,4,0,1,6,41,47
0,11,11,1,0,1,4,0,1,30,10,10,0,5,10,0,19,5,5,11,5,4,1,11,1,0,11,4,0,1,4,41,45
0,12,19,4,4,9,4,0,1,27,9,9,3,5,8,1,11,1,0,11,4,0,1,19,4,4,7,5,3,1,28,54,82
0,12,18,4,4,8,4,0,1,4,8,8,4,3,8,1,10,1,0,10,4,0,1,18,4,4,8,5,3,1,25,54,79
0,13,20,5,5,11,4,0,1,28,9,9,2,2,9,1,13,1,0,13,4,0,1,20,5,5,6,5,4,1,33,59,92
0,6,8,1,0,8,4,0,1,28,9,9,2,5,8,1,18,3,3,12,5,2,1,21,3,3,1,5,3,0,24,24,48
0,6,3,1,0,3,4,0,1,25,7,7,5,5,6,1,14,1,0,14,4,0,1,17,2,2,5,5,2,0,10,24,34
0,7,0,1,0,0,4,0,1,15,2,2,11,5,2,0,8,1,0,8,4,0,1,22,1,1,8,5,1,0,102,29,131
0,7,5,1,0,5,4,0,1,27,8,8,3,5,7,1,16,2,2,14,5,1,1,19,3,3,3,5,3,0,17,29,46
0,15,16,4,4,6,4,0,1,25,7,7,5,5,6,1,8,1,0,8,4,0,1,16,4,4,10,5,3,1,19,67,86
0,8,1,1,0,1,4,0,1,23,7,7,7,5,6,1,12,1,0,12,4,0,1,15,2,2,7,5,2,0,4,34,38
0,9,5,1,0,5,4,0,1,26,8,8,4,5,7,1,16,2,2,14,5,1,1,19,3,3,3,5,3,0,16,39,55
0,1,30,8,8,11,4,0,1,22,6,6,8,5,5,1,14,2,2,8,5,2,0,30,8,8,0,5,7,1,34,7,41
0,3,30,7,7,10,4,0,1,21,6,6,9,5,5,1,13,2,2,9,5,2,0,30,7,7,0,5,7,0,31,15,46
0,3,28,7,7,7,4,0,1,20,4,4,10,5,3,1,11,1,0,11,4,0,1,28,7,7,2,5,6,1,22,15,37
0,4,22,8,8,1,4,0,1,13,0,0,13,3,0,0,15,1,1,15,5,1,0,22,8,8,4,5,7,1,116,20,136
0,1,22,4,4,3,4,0,1,14,1,0,14,4,0,1,30,9,9,0,5,9,0,22,4,4,8,5,3,1,11,7,18
0,14,7,1,0,7,4,0,1,28,9,9,2,5,8,1,17,3,3,13,5,2,1,21,3,3,1,5,3,0,22,56,78
0,14,6,1,0,6,4,0,1,27,8,8,3,5,7,1,16,2,2,14,5,1,1,19,3,3,3,5,3,0,18,56,74
0,15,1,1,0,1,4,0,1,15,2,2,11,5,2,0,8,1,0,8,4,0,1,22,1,1,8,5,1,0,103,61,164
0,15,9,1,0,9,4,0,1,29,10,10,1,5,9,1,18,3,3,12,2,3,1,22,4,4,0,5,4,0,27,61,88
0,15,6,1,0,6,4,0,1,27,8,8,3,5,7,1,16,2,2,14,2,2,1,20,3,3,2,5,3,0,19,61,80
0,15,4,1,0,4,4,0,1,26,7,7,4,5,6,1,15,1,0,15,4,0,1,18,2,2,4,5,2,0,12,61,73
0,15,3,1,0,3,4,0,1,25,7,7,5,5,6,1,15,1,0,15,4,0,1,18,2,2,4,5,2,0,11,61,72
0,15,3,1,0,3,4,0,1,25,7,7,5,5,6,1,14,1,0,14,4,0,1,17,2,2,5,5,2,0,9,61,70
0,6,22,7,7,0,4,0,1,13,0,0,13,3,0,0,15,0,0,15,3,0,0,22,7,7,4,5,6,1,114,28,142
0,6,29,8,8,9,4,0,1,21,5,5,9,5,4,1,12,2,2,10,5,2,0,29,8,8,1,5,7,1,29,28,57
0,3,22,4,4,4,4,0,1,14,1,0,14,4,0,1,30,9,9,0,2,9,0,22,4,4,8,5,3,1,12,15,27
0,4,28,7,7,11,2,1,0,20,4,4,10,5,3,1,7,1,0,7,4,0,1,28,7,7,2,5,6,1,36,20,56
0,8,29,7,7,9,4,0,1,21,5,5,9,5,4,1,12,1,1,10,2,2,0,29,7,7,1,2,7,1,28,36,64
0,9,30,7,7,10,4,0,1,22,6,6,8,5,5,1,13,2,2,9,5,2,0,30,7,7,0,5,7,0,32,41,73
0,9,30,7,7,10,4,0,1,21,5,5,9,2,5,1,13,2,2,9,5,2,0,30,7,7,0,5,7,0,30,41,71
0,6,20,3,3,1,4,0,1,11,1,0,11,4,0,1,29,9,9,1,5,8,1,20,3,3,10,5,2,1,4,28,32
0,10,23,8,8,1,4,0,1,13,0,0,13,3,0,0,16,1,1,14,5,1,0,23,8,8,3,5,7,1,117,46,163
0,10,29,7,7,8,4,0,1,20,5,5,10,5,4,1,12,1,1,10,5,1,0,29,7,7,1,5,6,1,26,46,72
0,1,13,1,0,1,4,0,1,21,5,5,9,2,5,1,3,1,0,3,4,0,1,13,1,0,13,4,0,1,118,5,123
0,8,21,3,3,3,4,0,1,13,1,0,13,4,0,1,30,9,9,0,5,9,0,21,3,3,9,2,3,1,9,36,45
0,11,22,7,7,0,3,0,0,13,0,0,13,3,0,0,15,0,0,15,3,0,0,22,7,7,4,5,6,1,113,51,164
0,11,30,7,7,11,4,0,1,22,6,6,8,5,5,1,14,2,2,8,5,2,0,30,7,7,0,2,7,0,33,51,84
0,11,28,7,7,8,4,0,1,20,4,4,10,5,3,1,11,1,1,11,5,1,0,28,7,7,2,5,6,1,24,51,75
0,9,22,4,4,4,4,0,1,14,1,0,14,4,0,1,30,10,10,0,5,9,1,22,4,4,8,5,3,1,13,41,54
0,3,19,3,3,10,4,0,1,27,9,9,3,5,8,1,30,9,9,0,5,8,1,19,3,3,11,5,2,1,31,13,44
0,4,15,3,3,4,4,0,1,24,6,6,6,5,5,1,7,1,0,7,4,0,1,15,3,3,11,5,2,1,128,18,146
0,11,21,4,4,3,4,0,1,13,1,0,13,4,0,1,30,9,9,0,5,9,0,21,4,4,9,5,3,1,10,49,59
0,11,21,3,3,2,4,0,1,13,1,0,13,4,0,1,29,10,10,1,5,9,1,21,3,3,9,5,2,1,8,49,57
0,11,19,3,3,0,3,0,0,10,1,0,10,4,0,1,28,9,9,2,5,8,1,19,3,3,11,5,2,1,1,49,50
0,15,4,7,7,1,4,0,1,13,0,0,13,3,0,0,15,0,0,15,2,1,0,4,7,7,4,3,7,1,115,65,180
0,15,21,3,3,2,4,0,1,12,1,0,12,4,0,1,29,9,9,1,2,9,1,21,3,3,9,5,2,1,7,63,70
0,9,13,1,1,2,4,0,1,22,6,6,8,5,5,1,4,1,0,4,4,0,1,13,1,1,13,2,1,1,120,35,155
0,2,5,1,0,5,4,0,1,27,8,8,3,5,7,1,17,2,2,13,5,1,1,20,2,2,10,5,2,0,17,10,27
0,11,14,2,2,3,4,0,1,23,6,6,7,5,5,1,5,1,0,5,4,0,1,14,2,2,12,5,1,1,124,43,167
0,11,16,2,2,7,4,0,1,26,7,7,4,5,6,1,29,7,7,1,5,7,0,16,2,2,14,2,2,1,23,43,66
0,3,1,1,0,1,4,0,1,24,7,7,6,5,6,1,14,1,0,14,4,0,1,17,1,1,13,5,1,0,4,15,19
0,12,12,1,0,0,3,0,0,21,5,5,9,5,4,1,2,1,0,2,4,0,1,12,1,0,12,4,0,1,115,48,163
0,12,18,3,3,9,4,0,1,27,8,8,3,5,7,1,30,8,8,0,5,8,0,18,3,3,12,5,2,1,29,48,77
0,13,14,2,2,2,4,0,1,22,6,6,8,5,5,1,5,1,0,5,4,0,1,14,2,2,12,5,1,1,122,53,175
0,13,13,1,0,1,4,0,1,21,6,6,9,5,5,1,4,1,0,4,4,0,1,13,1,0,13,4,0,1,119,53,172
0,5,7,1,0,7,4,0,1,29,9,9,1,5,8,1,19,2,2,11,5,1,1,22,3,3,8,5,3,0,23,23,46
0,14,14,3,3,4,4,0,1,24,6,6,6,5,5,1,6,1,0,6,4,0,1,14,3,3,12,5,2,1,126,58,184
0,14,14,2,2,3,4,0,1,23,6,6,7,5,5,1,6,1,0,6,4,0,1,14,2,2,12,2,2,1,125,58,183
0,14,13,2,2,2,4,0,1,22,6,6,8,5,5,1,4,1,0,4,4,0,1,13,2,2,13,5,1,1,121,58,179
0,14,18,3,3,9,4,0,1,27,8,8,3,5,7,1,30,8,8,0,5,8,0,18,3,3,12,5,2,1,28,58,86
0,6,1,1,0,1,4,0,1,23,7,7,7,5,6,1,13,1,0,13,4,0,1,16,1,1,14,5,1,0,3,28,31
0,15,14,2,2,3,4,0,1,23,6,6,7,5,5,1,5,1,0,5,4,0,1,14,2,2,12,5,1,1,123,63,186
0,7,3,1,0,3,4,0,1,25,7,7,5,5,6,1,15,1,0,15,4,0,1,18,1,1,12,5,1,0,9,33,42
0,8,7,1,0,7,4,0,1,28,9,9,2,5,8,1,19,2,2,11,5,1,1,21,3,3,9,5,3,0,22,38,60
0,8,4,1,0,4,4,0,1,26,7,7,4,5,6,1,16,2,2,14,5,1,1,19,1,1,11,5,1,0,12,38,50
0,9,0,0,0,0,3,0,0,22,6,6,8,2,6,1,11,1,0,11,4,0,1,14,2,2,8,5,2,0,109,43,152
0,9,8,1,0,8,4,0,1,29,9,9,1,2,9,1,20,3,3,10,5,2,1,22,3,3,8,2,4,0,26,43,69
0,1,25,7,7,5,4,0,1,18,3,3,12,5,2,1,9,1,0,9,4,0,1,25,7,7,5,5,6,1,127,7,134
0,3,25,7,7,4,4,0,1,18,3,3,12,5,2,1,9,1,0,9,4,0,1,25,7,7,5,5,6,1,126,15,141
0,12,5,1,0,5,4,0,1,27,8,8,3,5,7,1,17,2,2,13,5,1,1,20,2,2,10,5,2,0,15,54,69
0,12,1,1,0,1,4,0,1,24,7,7,6,5,6,1,14,1,0,14,4,0,1,17,1,1,13,5,1,0,5,54,59
0,3,30,10,10,15,2,1,0,22,7,7,8,5,6,1,12,1,0,12,4,0,1,30,10,10,0,2,10,0,48,11,59
0,14,3,1,0,3,4,0,1,26,7,7,4,5,6,1,15,2,2,15,5,1,1,19,1,1,11,5,1,0,11,62,73
0,14,3,1,0,3,4,0,1,26,7,7,4,5,6,1,15,1,1,15,2,1,1,19,1,1,11,5,1,0,10,62,72
0,14,2,1,0,2,4,0,1,25,7,7,5,5,6,1,15,1,0,15,4,0,1,18,1,1,12,5,1,0,8,62,70
0,7,24,6,6,3,4,0,1,17,2,2,13,5,1,1,7,1,0,7,4,0,1,24,6,6,6,5,5,1,121,29,150
0,15,5,1,0,5,4,0,1,27,8,8,3,5,7,1,17,2,2,13,5,1,1,20,2,2,10,5,2,0,16,67,83
0,10,27,7,7,7,4,0,1,19,4,4,11,5,3,1,11,1,0,11,4,0,1,27,7,7,3,5,6,1,133,40,173
0,10,24,7,7,4,4,0,1,17,2,2,13,2,2,1,8,1,0,8,4,0,1,24,7,7,6,5,6,1,124,40,164
0,11,26,7,7,5,4,0,1,18,3,3,12,2,3,1,10,1,0,10,4,0,1,26,7,7,4,5,6,1,129,45,174
0,11,25,7,7,4,4,0,1,17,3,3,13,5,2,1,8,1,0,8,4,0,1,25,7,7,5,5,6,1,125,45,170
0,11,24,6,6,2,4,0,1,16,2,2,14,5,1,1,7,1,0,7,4,0,1,24,6,6,6,5,5,1,120,45,165
0,11,23,5,5,2,4,0,1,16,2,2,14,5,1,1,6,1,0,6,4,0,1,23,5,5,7,2,5,1,118,45,163
0,1,14,1,0,4,4,0,1,24,6,6,6,5,5,1,27,6,6,3,5,6,0,14,1,0,14,4,0,1,124,5,129
0,11,22,5,5,3,4,0,1,13,1,0,13,4,0,1,30,8,8,0,2,8,0,22,5,5,8,5,4,1,10,37,47
0,12,26,7,7,6,4,0,1,18,4,4,12,5,3,1,10,1,0,10,4,0,1,26,7,7,4,5,6,1,130,50,180
0,12,24,6,6,3,4,0,1,17,2,2,13,5,1,1,8,1,0,8,4,0,1,24,6,6,6,2,6,1,123,50,173
0,12,20,4,4,1,4,0,1,11,1,0,11,4,0,1,29,8,8,1,5,7,1,20,4,4,10,5,3,1,3,42,45
0,4,12,1,0,2,4,0,1,22,5,5,8,5,4,1,25,5,5,5,5,5,0,12,1,0,12,4,0,1,116,16,132
0,14,26,7,7,5,4,0,1,18,3,3,12,5,2,1,9,1,0,9,4,0,1,26,7,7,4,5,6,1,128,58,186
0,14,24,6,6,3,4,0,1,17,2,2,13,5,1,1,7,1,0,7,4,0,1,24,6,6,6,5,5,1,122,58,180
0,13,21,5,5,2,4,0,1,13,1,0,13,4,0,1,30,8,8,0,5,8,0,21,5,5,9,5,4,1,8,47,55
0,13,20,4,4,0,4,0,1,11,1,0,11,4,0,1,29,8,8,1,5,7,1,20,4,4,10,5,3,1,2,47,49
0,15,27,7,7,6,4,0,1,19,4,4,11,5,3,1,11,1,0,11,4,0,1,27,7,7,3,5,6,1,132,63,195
0,15,23,6,6,2,4,0,1,16,2,2,14,5,1,1,6,1,0,6,4,0,1,23,6,6,7,5,5,1,119,63,182
0,6,15,1,0,5,4,0,1,24,6,6,6,2,6,1,27,6,6,3,2,7,0,15,1,0,15,4,0,1,127,24,151
0,6,14,1,0,4,4,0,1,23,6,6,7,5,5,1,4,5,5,4,3,6,0,14,1,0,14,4,0,1,122,24,146
0,7,16,2,2,7,4,0,1,26,7,7,4,5,6,1,29,7,7,1,5,7,0,16,2,2,14,5,1,1,132,29,161
0,7,15,1,0,5,4,0,1,24,6,6,6,5,5,1,27,6,6,3,5,6,0,15,1,0,15,4,0,1,126,29,155
0,7,15,1,0,5,4,0,1,24,6,6,6,5,5,1,27,6,6,3,5,6,0,15,1,0,15,4,0,1,125,29,154
0,8,16,2,2,6,4,0,1,25,7,7,5,5,6,1,28,7,7,2,5,7,0,16,2,2,14,5,1,1,130,34,164
0,9,15,1,1,6,4,0,1,24,7,7,6,5,6,1,27,7,7,3,5,7,0,15,1,1,15,2,1,1,128,39,167
0,9,18,3,3,8,4,0,1,27,7,7,3,5,6,1,25,4,4,1,5,4,0,18,3,3,12,5,2,1,26,39,65
0,3,2,1,0,2,4,0,1,21,7,7,7,5,6,1,13,1,0,13,4,0,1,13,0,0,13,3,0,0,7,11,18
0,12,11,1,0,1,4,0,1,21,5,5,9,5,4,1,24,5,5,6,5,5,0,11,1,0,11,4,0,1,115,50,165
0,5,0,1,0,0,4,0,1,23,7,7,7,5,6,1,13,1,0,13,4,0,1,16,1,1,14,5,1,0,116,19,135
0,5,1,1,0,1,4,0,1,21,6,6,7,5,5,1,13,1,0,13,4,0,1,13,0,0,13,3,0,0,5,19,24
0,13,13,1,0,3,4,0,1,23,6,6,7,5,5,1,26,5,5,4,5,5,0,13,1,0,13,4,0,1,121,55,176
0,13,11,1,0,1,4,0,1,21,4,4,9,2,4,1,24,4,4,6,2,5,0,11,1,0,11,4,0,1,114,55,169
0,13,15,1,0,4,4,0,1,23,6,6,7,5,5,1,21,3,3,5,5,3,0,15,1,0,15,4,0,1,13,55,68
0,6,8,1,0,8,4,0,1,26,9,9,2,5,8,1,18,3,3,12,5,2,1,14,2,2,12,5,2,0,25,24,49
0,6,3,1,0,3,4,0,1,22,7,7,6,5,6,1,14,1,0,14,4,0,1,13,0,0,13,3,0,0,9,24,33
0,14,14,1,0,4,4,0,1,23,6,6,7,5,5,1,26,6,6,4,5,6,0,14,1,0,14,4,0,1,123,60,183
0,7,0,0,0,0,3,0,0,23,7,7,7,5,6,1,13,1,0,13,4,0,1,16,1,1,14,5,1,0,115,29,144
0,1,23,5,5,1,4,0,1,15,1,1,15,2,1,1,5,1,0,5,4,0,1,23,5,5,7,5,4,1,226,5,231
0,1,28,10,10,8,4,0,1,19,5,5,11,2,5,1,12,1,0,12,4,0,1,28,10,10,2,5,9,1,136,5,141
0,12,9,1,0,9,4,0,1,27,9,9,1,5,8,1,19,4,4,11,5,3,1,15,2,2,11,2,3,0,29,46,75
0,3,30,10,10,11,4,0,1,21,7,7,9,5,6,1,15,1,0,15,4,0,1,30,10,10,0,5,10,0,145,13,158
0,3,30,10,10,11,4,0,1,21,6,6,9,2,6,1,15,1,0,15,4,0,1,30,10,10,0,5,10,0,144,13,157
0,3,29,11,11,10,4,0,1,21,6,6,9,5,5,1,14,1,0,14,4,0,1,29,11,11,1,5,10,1,141,13,154
0,3,28,11,11,10,4,0,1,20,6,6,10,5,5,1,13,1,0,13,4,0,1,28,11,11,2,5,10,1,140,13,153
0,4,27,10,10,8,4,0,1,19,5,5,11,5,4,1,12,1,0,12,4,0,1,27,10,10,3,5,9,1,135,18,153
0,15,8,1,0,8,4,0,1,26,9,9,2,5,8,1,18,3,3,12,5,2,1,15,2,2,11,5,2,0,26,57,83
0,7,23,5,5,1,4,0,1,15,1,0,15,4,0,1,5,1,0,5,4,0,1,23,5,5,7,5,4,1,225,29,254
0,10,22,5,5,0,4,0,1,15,1,0,15,4,0,1,5,1,0,5,4,0,1,22,5,5,8,5,4,1,224,40,264
0,10,22,4,4,0,3,0,0,15,1,0,15,4,0,1,4,1,0,4,4,0,1,22,4,4,8,2,4,1,223,40,263
0,11,30,6,6,13,3,0,0,20,5,5,8,5,4,1,11,1,0,11,4,0,1,30,6,6,0,5,6,0,42,35,77
0,11,23,5,5,1,4,0,1,15,2,2,15,5,1,1,6,1,0,6,4,0,1,23,5,5,7,5,4,1,227,45,272
0,11,30,11,11,12,4,0,1,22,7,7,8,5,6,1,15,1,1,15,5,1,0,30,11,11,0,5,10,1,148,45,193
0,3,18,2,2,8,4,0,1,26,8,8,2,5,7,1,24,2,2,0,5,2,0,18,2,2,12,5,2,0,26,11,37
0,12,21,2,2,2,4,0,1,11,1,0,11,4,0,1,28,8,8,0,5,8,0,21,2,2,9,5,2,0,7,40,47
0,4,15,0,0,4,4,0,1,23,6,6,5,5,5,1,20,2,2,4,5,2,0,15,0,0,15,2,1,0,14,16,30
0,13,29,11,11,10,4,0,1,21,6,6,9,5,5,1,14,1,0,14,4,0,1,29,11,11,1,5,10,1,142,53,195
0,13,27,9,9,7,4,0,1,18,5,5,12,5,4,1,11,1,0,11,4,0,1,27,9,9,3,5,8,1,132,53,185
0,14,29,11,11,11,4,0,1,21,6,6,9,5,5,1,14,1,0,14,4,0,1,29,11,11,1,5,10,1,143,58,201
0,9,15,1,0,3,4,0,1,23,6,6,7,5,5,1,20,3,3,6,5,3,0,15,1,0,15,4,0,1,115,33,148
0,14,15,0,0,3,4,0,1,22,6,6,6,5,5,1,19,2,2,5,5,2,0,15,0,0,15,3,0,0,11,50,61
0,2,7,1,0,7,4,0,1,19,1,1,9,5,1,0,10,1,0,10,4,0,1,8,1,0,8,4,0,1,22,8,30
0,4,2,1,0,2,4,0,1,14,0,0,14,2,1,0,5,1,0,5,4,0,1,3,1,0,3,4,0,1,8,16,24
0,3,25,8,8,4,4,0,1,17,3,3,13,5,2,1,8,1,0,8,4,0,1,25,8,8,5,5,7,1,226,11,237
0,3,25,8,8,4,4,0,1,17,3,3,13,5,2,1,8,1,0,8,4,0,1,25,8,8,5,5,7,1,225,11,236
0,3,24,7,7,3,4,0,1,16,2,2,14,2,2,1,7,1,0,7,4,0,1,24,7,7,6,2,7,1,223,11,234
0,4,23,7,7,2,4,0,1,15,2,2,15,5,1,1,6,1,0,6,4,0,1,23,7,7,7,5,6,1,219,16,235
0,6,26,9,9,6,4,0,1,18,4,4,12,5,3,1,10,1,0,10,4,0,1,26,9,9,4,5,8,1,232,24,256
0,6,25,8,8,5,4,0,1,17,3,3,13,5,2,1,8,1,0,8,4,0,1,25,8,8,5,5,7,1,227,24,251
0,9,3,1,0,3,4,0,1,14,1,1,14,5,1,0,6,1,0,6,4,0,1,4,1,0,4,4,0,1,9,33,42
0,10,12,1,0,12,3,0,0,23,2,2,5,5,2,0,14,1,1,14,2,1,1,12,1,0,12,4,0,1,39,32,71
0,7,24,7,7,3,4,0,1,16,2,2,14,5,1,1,6,1,0,6,4,0,1,24,7,7,6,5,6,1,221,29,250
0,10,8,1,0,8,4,0,1,19,2,2,9,5,2,0,11,1,0,11,4,0,1,9,1,0,9,4,0,1,26,38,64
0,11,15,0,0,15,3,0,0,25,4,4,3,5,4,0,17,3,3,11,5,2,1,13,1,1,11,5,1,0,48,43,91
0,11,2,1,0,2,4,0,1,14,0,0,14,3,0,0,5,1,0,5,4,0,1,3,1,0,3,4,0,1,6,43,49
0,11,1,1,0,1,4,0,1,14,0,0,14,3,0,0,4,1,0,4,4,0,1,2,1,0,2,4,0,1,4,43,47
0,9,24,8,8,4,4,0,1,16,3,3,14,5,2,1,7,1,0,7,4,0,1,24,8,8,6,5,7,1,224,37,261
0,9,24,7,7,3,4,0,1,16,2,2,14,5,1,1,7,1,0,7,4,0,1,24,7,7,6,5,6,1,222,37,259
0,10,26,9,9,6,4,0,1,18,4,4,12,5,3,1,10,1,0,10,4,0,1,26,9,9,4,5,8,1,231,42,273
0,11,25,9,9,5,4,0,1,17,4,4,13,5,3,1,9,1,0,9,4,0,1,25,9,9,5,5,8,1,229,47,276
0,11,25,8,8,5,4,0,1,17,3,3,13,2,3,1,9,1,0,9,4,0,1,25,8,8,5,2,8,1,228,47,275
0,13,27,9,9,7,4,0,1,18,4,4,12,2,4,1,10,1,0,10,4,0,1,27,9,9,3,5,8,1,233,55,288
0,14,26,9,9,6,4,0,1,18,4,4,12,5,3,1,9,1,0,9,4,0,1,26,9,9,4,5,8,1,230,60,290
0,14,24,7,7,2,4,0,1,16,2,2,14,5,1,1,6,1,0,6,4,0,1,24,7,7,6,5,6,1,220,60,280
0,2,11,0,0,10,3,0,0,11,1,0,11,4,0,1,19,6,6,9,5,5,1,11,0,0,11,3,0,0,33,8,41
0,3,11,0,0,0,4,0,1,1,1,0,1,4,0,1,12,1,0,12,4,0,1,11,0,0,11,3,0,0,2,13,15
0,5,11,0,0,1,4,0,1,13,1,0,13,4,0,1,1,1,0,1,4,0,1,11,0,0,11,3,0,0,5,17,22
0,8,13,2,2,14,3,0,0,22,7,7,6,5,6,1,10,1,1,10,5,1,0,13,2,2,9,5,2,0,45,28,73
0,11,11,0,0,1,4,0,1,2,1,0,2,4,0,1,13,1,0,13,4,0,1,11,0,0,11,3,0,0,5,39,44
0,1,11,1,0,9,4,0,1,14,2,2,2,5,2,0,20,2,2,2,2,3,0,11,1,0,11,4,0,1,29,5,34
0,2,23,6,6,1,4,0,1,15,1,0,15,4,0,1,5,1,0,5,4,0,1,23,6,6,7,5,5,1,320,10,330
0,2,25,4,4,4,4,0,1,15,2,2,13,2,2,1,7,1,0,7,4,0,1,25,4,4,5,5,4,0,220,10,230
0,4,23,6,6,1,4,0,1,15,1,0,15,4,0,1,5,1,0,5,4,0,1,23,6,6,7,5,5,1,321,18,339
0,5,8,1,0,7,4,0,1,12,2,2,4,5,2,0,19,1,1,3,5,1,0,8,1,0,8,4,0,1,21,23,44
0,6,22,5,5,0,3,0,0,14,1,0,14,4,0,1,4,1,0,4,4,0,1,22,5,5,8,2,5,1,317,28,345
0,8,11,0,0,11,3,0,0,15,2,2,1,5,2,0,10,1,0,10,4,0,1,21,3,3,1,5,3,0,36,26,62
0,7,22,6,6,0,4,0,1,14,1,0,14,4,0,1,4,1,0,4,4,0,1,22,6,6,8,5,5,1,318,33,351
0,8,23,6,6,1,4,0,1,15,1,0,15,4,0,1,4,1,0,4,4,0,1,23,6,6,7,5,5,1,319,38,357
0,8,27,6,6,8,4,0,1,18,4,4,10,5,3,1,11,1,0,11,4,0,1,27,6,6,3,5,6,0,231,38,269
0,8,27,5,5,7,4,0,1,17,4,4,11,5,3,1,10,1,0,10,4,0,1,27,5,5,3,5,5,0,229,38,267
0,8,10,1,0,9,4,0,1,14,2,2,2,5,2,0,20,2,2,2,5,2,0,10,1,0,10,4,0,1,27,38,65
0,9,23,6,6,2,4,0,1,15,1,1,15,2,1,1,5,1,0,5,4,0,1,23,6,6,7,2,6,1,322,43,365
0,9,21,5,5,1,4,0,1,14,0,0,14,3,0,0,20,1,1,0,5,1,0,21,5,5,1,5,5,0,108,43,151
0,10,30,6,6,10,4,0,1,20,5,5,8,5,4,1,13,1,0,13,4,0,1,30,6,6,0,5,6,0,238,48,286
0,11,9,1,0,7,4,0,1,12,2,2,4,5,2,0,19,1,1,3,5,1,0,9,1,0,9,4,0,1,23,53,76
4,0,4,0,0,0,3,0,0,19,1,1,3,5,0,1,17,1,1,1,5,0,1,4,0,0,0,3,0,0,15,22,37
5,0,5,0,0,2,5,0,1,15,1,1,6,5,0,1,13,1,1,4,5,0,1,5,0,0,0,3,0,0,11,17,28
9,0,9,0,0,7,5,0,1,8,1,1,9,5,0,1,5,2,0,4,5,1,1,9,0,0,0,3,0,0,8,43,51
9,0,9,0,0,8,5,0,2,7,1,1,10,5,0,1,26,1,1,5,4,1,0,9,0,0,0,3,0,0,4,43,47
11,0,11,0,0,0,3,0,0,14,1,1,1,5,0,1,11,0,0,0,3,0,0,11,0,0,0,3,0,0,38,35,73
13,0,13,0,0,0,3,0,0,13,0,0,0,3,0,0,13,0,0,0,3,0,0,13,0,0,0,3,0,0,42,41,83
0,8,21,2,2,2,4,1,0,3,1,0,3,4,1,0,14,3,3,6,5,0,3,21,2,2,9,5,1,1,6,26,32
4,0,13,2,1,0,5,0,1,9,1,1,3,5,1,0,7,3,1,9,5,1,2,13,2,1,13,5,1,1,13,22,35
5,0,12,2,1,0,3,0,0,9,1,1,2,5,1,0,6,3,1,9,5,1,2,12,2,1,13,5,1,1,20,17,37
8,0,13,2,1,6,5,0,3,25,1,1,3,4,1,0,23,1,1,1,4,1,0,13,2,1,9,5,1,1,7,44,51
9,0,15,2,1,3,5,0,1,27,1,1,6,4,1,0,26,1,1,5,4,1,0,15,2,1,6,5,1,1,22,39,61
10,0,17,2,1,0,3,0,0,29,1,1,9,4,1,0,28,1,1,8,4,1,0,17,2,1,3,5,1,1,37,34,71
4,0,18,2,1,5,5,0,2,30,1,1,4,4,1,0,28,1,1,2,4,1,0,18,2,1,8,5,1,1,40,14,54
2,0,2,0,0,0,3,0,0,11,1,0,13,4,1,0,9,2,0,11,5,1,1,30,1,1,2,4,1,0,9,92,101
13,0,8,2,1,9,5,1,1,20,1,1,3,4,1,0,18,1,1,1,4,1,0,7,4,0,6,5,0,4,12,57,69
15,0,13,1,0,2,5,0,1,26,1,1,11,4,1,0,25,1,1,10,4,1,0,15,0,0,0,3,0,0,45,49,94
3,0,1,1,0,4,4,1,0,9,1,1,2,5,1,0,18,1,0,15,2,1,0,3,1,1,0,3,0,1,3,11,14
0,7,9,1,0,3,4,1,0,20,1,1,10,2,0,1,4,1,0,4,4,1,0,9,1,0,9,4,1,0,11,25,36
0,10,4,1,0,0,3,0,0,12,1,1,2,5,1,0,15,1,1,15,2,1,0,4,1,0,4,4,1,0,1,34,35
10,0,4,1,0,6,5,1,0,6,2,0,4,5,0,2,28,2,2,8,4,1,1,4,1,0,14,4,1,0,14,66,80
15,0,26,1,1,8,5,0,1,20,1,1,5,4,1,0,20,2,2,5,4,1,1,26,1,1,11,4,1,0,23,49,72
6,0,11,1,1,7,4,1,0,15,2,1,9,5,1,1,14,2,2,8,5,1,1,11,1,1,1,5,0,1,3,20,23
2,0,16,3,1,0,3,0,0,9,1,0,11,4,1,0,9,1,0,11,4,1,0,16,3,1,10,5,1,2,9,8,17
14,0,14,0,0,4,5,1,0,10,3,1,6,5,2,1,27,1,1,11,4,1,0,14,0,0,0,3,0,0,34,46,80
1,0,13,2,1,7,4,1,0,6,2,1,7,4,1,1,30,1,1,1,4,1,0,13,2,1,14,4,1,1,19,5,24
6,0,27,1,1,3,5,1,0,8,1,0,14,4,1,0,14,1,1,0,5,1,0,27,1,1,3,4,1,0,10,82,92
15,0,17,1,1,4,5,1,1,28,1,1,13,4,1,0,14,1,0,1,5,1,0,17,1,1,2,4,1,0,37,51,88
5,0,12,3,1,10,4,1,0,5,1,0,0,5,0,1,5,1,0,10,4,1,0,12,3,1,11,5,1,2,16,19,35
1,0,10,2,1,3,4,1,0,17,1,1,2,5,1,0,2,2,0,3,4,1,1,10,2,1,11,4,1,1,8,5,13
0,10,15,3,3,2,4,1,0,8,2,0,8,4,1,1,8,1,0,8,4,1,0,15,3,3,13,5,1,2,8,32,40
0,6,11,2,0,4,4,1,0,19,1,1,1,5,1,0,4,2,0,4,4,1,1,11,2,0,11,1,1,1,16,20,36
7,0,5,2,1,6,5,0,2,9,2,1,14,5,1,1,25,1,1,2,4,1,0,9,1,1,12,5,0,1,3,73,76
9,0,9,0,0,0,3,0,0,14,2,1,7,5,1,1,30,1,1,9,4,1,0,13,2,2,6,5,1,1,32,65,97
14,0,6,3,0,8,5,1,2,30,1,1,14,4,1,0,14,0,0,0,3,0,0,30,1,1,14,4,1,0,20,48,68
11,0,2,2,0,13,4,1,1,24,2,2,5,4,1,1,11,1,0,0,5,1,0,25,2,2,6,4,1,1,6,37,43
5,0,8,1,1,5,5,0,1,12,2,1,13,5,1,1,29,1,1,4,4,1,0,12,1,1,11,5,0,1,63,17,80
7,0,24,1,1,6,2,1,0,11,2,2,12,5,0,2,12,1,1,5,5,0,1,24,1,1,1,4,1,0,6,25,31
4,0,4,0,0,5,4,1,0,11,1,0,15,4,1,0,11,1,1,9,5,0,1,4,0,0,0,3,0,0,5,14,19
4,0,4,0,0,5,4,1,1,11,1,0,15,4,1,0,11,1,1,9,5,0,1,4,0,0,0,3,0,0,4,14,18
4,0,4,0,0,0,3,0,0,30,1,1,4,4,1,0,9,1,0,13,4,1,0,9,1,1,11,5,0,1,15,14,29
13,0,21,1,1,10,5,1,1,10,1,0,3,5,1,0,11,1,0,2,5,0,1,21,1,1,4,4,1,0,13,57,70
15,0,25,2,2,3,5,1,0,17,2,2,2,4,1,1,17,2,2,2,4,1,1,25,2,2,10,4,1,1,40,49,89
15,0,16,1,1,12,5,0,2,10,1,0,5,5,1,0,11,1,0,4,5,0,1,16,1,1,1,4,1,0,13,49,62
3,0,30,1,1,7,4,1,0,19,2,2,0,5,0,2,5,1,0,8,4,1,0,30,1,1,3,4,1,0,13,11,24
12,0,24,2,2,0,3,0,0,12,1,0,0,5,1,0,11,2,1,7,5,1,1,24,2,2,6,4,1,1,39,40,79
3,0,29,1,1,6,4,1,0,17,3,3,2,5,0,3,2,2,0,5,4,1,1,29,1,1,2,4,1,0,10,11,21
0,4,0,0,0,0,3,0,0,16,3,3,6,5,0,3,2,1,0,2,4,1,0,3,1,0,3,4,1,0,1,16,17
1,0,11,2,2,0,3,0,0,17,3,2,10,5,1,2,1,0,0,0,3,0,0,11,2,2,4,5,0,2,6,5,11
0,6,11,2,2,0,3,0,0,17,2,2,11,5,1,1,2,1,1,0,5,0,1,11,2,2,5,5,0,2,1,22,23
2,0,7,3,1,0,3,0,0,13,2,1,13,5,1,1,9,1,1,1,5,1,0,7,3,1,7,5,1,2,9,10,19
1,0,6,2,1,2,5,0,1,12,2,1,13,4,1,1,7,1,1,4,5,1,0,6,2,1,7,4,1,1,7,5,12
7,0,7,1,0,0,5,1,0,14,4,4,7,5,0,4,24,1,1,1,4,1,0,25,1,1,2,4,1,0,24,33,57
8,0,8,2,0,0,5,1,1,13,4,3,7,5,0,4,23,1,1,1,4,1,0,24,1,1,2,4,1,0,29,28,57
8,0,4,3,0,4,5,1,2,11,3,2,9,5,1,2,8,0,0,0,3,0,0,8,0,0,0,3,0,0,18,28,46
3,0,6,2,1,7,5,0,2,13,2,1,12,5,1,1,28,1,1,1,4,1,0,9,1,1,0,5,1,0,24,11,35
8,0,26,1,1,0,5,0,1,30,1,1,8,4,1,0,30,1,1,8,4,1,0,26,1,1,4,4,1,0,26,70,96
9,0,24,1,1,1,5,0,2,28,2,2,7,4,1,1,28,1,1,7,4,1,0,24,1,1,3,4,1,0,28,65,93
11,0,23,1,1,0,3,0,0,27,1,1,8,4,1,0,28,1,1,9,4,1,0,23,1,1,4,4,1,0,40,57,97
11,0,20,1,1,2,5,0,3,24,2,2,5,4,1,1,25,2,2,6,4,1,1,20,1,1,1,4,1,0,31,57,88
14,0,14,1,0,7,5,0,3,17,1,1,1,4,1,0,18,1,1,2,4,1,0,14,1,0,0,5,1,0,29,46,75
14,0,14,3,0,7,5,0,4,17,1,1,1,4,1,0,17,1,1,1,4,1,0,14,3,0,0,5,1,2,27,46,73
12,0,14,2,0,14,4,1,0,12,1,0,0,5,0,1,10,1,0,2,5,1,0,14,2,0,8,2,1,1,8,38,46
3,0,29,1,1,0,3,0,0,4,1,0,7,4,1,0,3,0,0,6,3,0,0,29,1,1,2,4,1,0,12,11,23
0,7,0,0,0,0,3,1,0,6,1,0,6,4,1,0,5,1,1,1,5,0,1,6,0,0,6,3,0,0,1,25,26
2,0,23,2,2,0,3,0,0,2,0,0,0,3,0,0,12,2,2,10,5,0,2,23,2,2,5,5,2,0,9,8,17
2,0,22,2,2,0,3,0,0,2,1,0,0,5,0,1,12,2,2,10,5,0,2,22,2,2,6,5,2,0,9,16,25
3,0,19,1,1,2,5,0,1,29,1,1,2,4,1,0,15,1,0,12,2,1,0,19,1,1,8,5,1,0,7,11,18
0,15,1,1,0,1,4,1,0,7,1,0,7,4,1,0,6,1,1,0,5,0,1,6,0,0,6,3,0,0,5,51,56
11,0,18,2,1,6,3,0,0,22,1,1,3,4,1,0,22,1,1,3,4,1,0,18,2,1,1,5,2,0,18,47,65
12,0,17,2,1,6,5,0,1,21,1,1,3,4,1,0,21,1,1,3,4,1,0,17,2,1,1,5,2,0,22,42,64
7,0,14,1,1,11,4,1,0,24,1,1,1,4,1,0,4,2,0,3,5,1,1,14,1,1,9,5,1,0,13,25,38
6,0,10,1,1,7,4,1,0,6,0,0,0,3,0,0,6,0,0,0,3,0,0,10,1,1,14,5,1,0,4,20,24
3,0,12,0,0,0,3,0,0,3,0,0,0,3,0,0,3,1,0,6,4,1,0,12,0,0,15,3,0,0,12,11,23
3,0,8,1,1,0,3,0,0,29,1,1,2,4,1,0,28,1,1,1,4,1,0,8,1,1,11,4,0,1,12,11,23
10,0,5,0,0,15,3,0,0,10,1,0,0,5,0,1,10,0,0,0,3,0,0,25,1,1,5,4,1,0,18,34,52
4,0,2,1,0,6,4,1,0,4,0,0,0,3,0,0,28,1,1,2,4,1,0,12,1,1,4,5,0,1,7,14,21
1,0,1,0,0,0,3,0,0,6,1,0,7,4,1,0,10,1,0,11,4,1,0,1,0,0,0,3,0,0,6,5,11
9,0,26,2,2,0,3,0,0,22,1,1,1,4,1,0,10,2,2,5,5,0,2,26,2,2,5,4,1,1,30,29,59
10,0,20,1,1,0,3,1,0,22,1,1,2,4,1,0,10,1,0,0,5,0,1,20,1,1,10,4,0,1,33,54,87
12,0,24,2,2,4,5,0,1,12,0,0,0,3,0,0,20,1,1,2,4,1,0,24,2,2,6,4,1,1,26,46,72
13,0,17,1,1,10,5,1,1,8,1,0,5,5,0,1,13,0,0,0,3,0,0,17,1,1,0,4,1,0,12,41,53
0,12,0,0,0,0,3,0,0,7,1,0,7,4,1,0,2,1,1,0,5,0,1,11,1,0,11,4,1,0,1,40,41
0,12,23,1,1,1,4,1,0,5,1,0,5,4,1,0,8,1,0,8,4,1,0,23,1,1,1,5,1,0,3,40,43
1,0,14,2,1,0,3,0,0,6,2,1,3,5,0,2,13,2,1,10,5,2,0,14,2,1,13,5,1,1,6,5,11
3,0,15,2,2,0,3,0,0,13,1,1,8,5,1,0,3,0,0,0,3,0,0,15,2,2,10,5,1,1,12,29,41
4,0,10,1,0,4,5,1,1,8,2,0,12,2,2,1,5,0,0,1,2,0,0,10,1,0,14,4,1,0,2,24,26
5,0,11,2,1,2,5,0,1,9,1,1,10,2,1,0,5,0,0,0,3,0,0,11,2,1,12,5,1,1,15,19,34
3,0,10,1,0,4,5,1,1,9,2,1,12,4,1,1,28,1,1,1,4,1,0,10,1,0,13,4,1,0,12,11,23
10,0,7,2,2,9,5,1,0,10,1,0,0,5,0,1,10,0,0,0,3,0,0,7,2,2,11,5,1,1,5,50,55
10,0,5,2,1,11,5,2,0,7,2,0,3,5,1,1,10,1,0,0,5,0,1,5,2,1,13,5,1,1,12,34,46
10,0,3,1,0,11,4,1,1,6,3,0,4,5,1,2,20,1,1,0,4,1,0,3,1,0,13,4,1,0,5,34,39
7,0,5,1,0,10,1,1,0,28,2,2,5,4,1,1,7,0,0,0,3,0,0,5,1,0,12,4,1,0,12,23,35
12,0,10,1,0,2,5,1,0,22,1,1,4,4,1,0,12,1,0,0,5,1,0,25,1,1,7,4,1,0,31,56,87
14,0,8,1,0,6,5,1,0,14,0,0,0,3,0,0,10,1,0,4,5,1,0,19,1,1,3,4,1,0,26,48,74
14,0,7,2,0,7,5,1,1,14,0,0,0,3,0,0,10,1,0,4,5,1,0,19,1,1,3,4,1,0,25,48,73
14,0,1,2,0,13,5,1,1,11,1,0,3,2,0,1,3,2,0,11,5,2,0,14,1,0,0,5,0,1,4,48,52
9,0,1,2,0,10,4,1,1,24,2,2,3,4,1,1,30,2,2,9,4,1,1,8,1,0,1,5,0,1,4,31,35
6,0,4,1,0,10,4,1,0,28,2,2,4,4,1,1,3,2,1,9,4,1,1,6,1,0,0,5,0,1,16,20,36
2,0,2,0,0,0,3,0,0,6,2,1,6,5,1,1,13,1,1,5,5,0,1,12,1,0,14,4,1,0,9,8,17
3,0,29,1,1,0,5,0,1,27,1,1,0,4,1,0,16,4,3,9,5,1,3,29,1,1,2,4,1,0,11,39,50
5,0,27,1,1,0,3,0,0,26,1,1,1,4,1,0,14,4,3,9,2,1,3,27,1,1,2,4,1,0,20,31,51
7,0,25,1,1,0,5,0,2,23,1,1,0,4,1,0,12,4,3,9,5,1,3,25,1,1,2,4,1,0,27,23,50
5,0,6,1,0,0,3,0,0,30,2,2,5,4,1,1,5,2,1,10,4,1,1,6,1,0,11,4,1,0,18,81,99
9,0,28,2,2,4,5,0,2,22,1,1,1,4,1,0,27,1,1,6,4,1,0,28,2,2,7,4,1,1,18,67,85
10,0,30,3,3,1,5,0,1,23,1,1,3,1,1,0,29,2,2,9,4,1,1,30,3,3,10,4,1,2,32,62,94
12,0,21,1,1,9,5,1,3,12,0,0,0,3,0,0,19,1,1,1,4,1,0,21,1,1,3,4,1,0,15,54,69
12,0,12,0,0,10,5,1,2,10,3,0,2,5,0,3,12,1,1,0,3,0,1,12,0,0,0,3,1,0,7,54,61
14,0,23,2,2,5,5,0,3,14,0,0,0,3,1,0,22,1,1,6,4,1,0,23,2,2,7,4,1,1,37,46,83
14,0,20,1,1,7,5,1,3,14,0,0,0,3,0,0,19,1,1,3,4,1,0,20,1,1,4,4,1,0,28,46,74
14,0,19,1,1,8,5,1,3,14,0,0,0,3,0,0,17,1,1,1,4,1,0,19,1,1,3,4,1,0,24,46,70
11,0,10,1,0,12,4,1,0,26,1,1,7,4,1,0,4,1,0,7,5,0,1,10,1,0,1,5,0,1,3,35,38
10,0,10,0,0,0,3,0,0,8,3,0,2,5,0,3,8,3,2,10,5,1,2,10,0,0,0,3,1,0,33,32,65
0,2,24,2,2,5,4,1,0,14,1,1,0,5,0,1,6,1,0,6,4,1,0,24,2,2,2,5,0,2,15,8,23
0,2,17,2,2,2,3,0,0,9,2,2,7,5,1,1,5,1,1,1,5,0,1,17,2,2,9,5,1,1,9,8,17
3,0,15,2,2,0,3,0,0,6,1,1,7,2,0,1,2,1,0,1,5,1,0,15,2,2,8,5,0,2,12,13,25
2,0,12,2,1,3,4,1,0,5,1,0,7,1,1,0,28,1,1,0,4,0,1,12,2,1,12,5,1,1,5,8,13
7,0,18,2,2,0,3,1,0,30,1,1,7,4,1,0,29,1,1,6,4,1,0,18,2,2,1,5,0,2,24,35,59
7,0,10,2,1,7,5,1,1,7,1,0,0,5,0,1,5,1,0,2,5,1,0,10,2,1,9,5,0,2,2,33,35
8,0,12,2,2,5,5,0,1,24,1,1,2,4,1,0,22,1,1,0,4,1,0,12,2,2,6,5,0,2,15,28,43
8,0,12,2,2,5,5,0,2,23,1,1,1,4,1,0,8,0,0,0,3,1,0,12,2,2,6,5,0,2,14,28,42
7,0,9,2,1,8,4,1,0,5,1,0,2,5,0,1,25,1,1,2,4,0,1,9,2,1,10,5,1,1,5,23,28
1,0,10,1,0,0,3,0,0,2,1,0,3,4,1,0,1,0,0,2,3,0,0,10,1,0,11,4,1,0,6,5,11
9,0,9,0,0,0,3,0,0,22,1,1,1,4,1,0,29,1,1,8,4,1,0,28,1,1,7,4,1,0,30,55,85
9,0,9,1,0,0,5,0,1,21,1,1,0,4,1,0,28,1,1,7,4,1,0,27,1,1,6,4,1,0,27,55,82
13,0,13,1,0,0,5,0,1,17,1,1,0,4,1,0,24,1,1,7,4,1,0,23,1,1,6,4,1,0,41,41,82
13,0,6,2,0,7,5,0,2,7,2,0,6,5,0,2,17,1,1,0,4,1,0,13,1,0,0,5,1,0,20,41,61
5,0,28,1,1,0,3,0,0,5,1,1,0,3,0,1,6,1,1,3,5,0,1,28,1,1,3,4,1,0,18,17,35
0,15,3,1,0,0,3,0,0,0,0,0,0,3,0,0,11,1,1,3,5,0,1,3,1,0,3,4,1,0,1,51,52
7,0,27,1,1,2,3,0,0,7,0,0,0,3,0,0,7,0,0,0,3,0,0,27,1,1,4,4,1,0,18,51,69
11,0,22,1,1,3,5,0,1,11,1,1,0,3,0,1,11,1,1,0,3,0,1,22,1,1,3,4,1,0,28,37,65
6,0,5,2,1,11,4,1,0,16,1,1,8,5,1,0,26,1,1,2,4,1,0,5,2,1,3,5,0,2,16,20,36
4,0,8,1,1,2,5,0,1,19,1,1,7,5,1,0,29,1,1,3,4,1,0,8,2,1,10,5,1,1,7,62,69
7,0,7,0,0,0,3,0,0,19,1,1,4,5,1,0,12,0,0,5,2,0,0,7,2,1,8,5,1,1,26,51,77
11,0,7,2,0,4,5,1,1,9,2,2,10,5,1,1,11,0,0,0,3,1,0,28,2,2,9,4,1,1,23,37,60
5,0,4,1,0,9,4,1,0,7,2,0,12,4,1,1,23,1,1,2,5,1,0,25,1,1,0,4,1,0,14,17,31
0,15,12,2,2,0,3,0,0,15,3,0,15,4,1,2,4,1,0,4,4,1,0,12,2,2,10,5,1,1,1,49,50
14,0,11,2,0,8,5,1,0,18,1,1,2,4,1,0,27,2,2,11,4,1,1,11,2,0,3,5,0,2,18,58,76
14,0,7,2,0,13,5,1,1,14,0,0,0,3,0,0,22,1,1,6,1,1,0,7,2,0,7,5,1,1,3,58,61
13,0,4,2,0,15,5,2,0,13,0,0,0,3,0,0,22,1,1,5,4,1,0,4,2,0,9,5,1,1,10,45,55
12,0,3,2,0,15,2,2,1,12,0,0,0,3,0,0,22,1,1,4,4,1,0,3,2,0,9,5,1,1,14,40,54
5,0,30,2,2,9,4,1,0,19,1,1,6,5,1,0,18,2,2,3,5,0,2,30,2,2,5,4,1,1,13,17,30
1,0,1,0,0,0,3,0,0,10,1,1,1,5,0,1,14,0,0,15,3,0,0,10,1,0,11,4,1,0,6,5,11
12,0,27,2,2,0,3,0,0,30,1,1,12,4,1,0,15,1,1,3,5,1,0,27,2,2,9,4,1,1,39,46,85
13,0,25,2,2,0,5,0,1,28,1,1,11,4,1,0,13,1,1,4,5,1,0,25,2,2,8,4,1,1,41,41,82
6,0,6,0,0,0,3,0,0,9,0,0,15,3,0,0,7,1,0,13,4,1,0,6,0,0,0,3,0,0,21,20,41
3,0,24,2,2,0,3,0,0,9,1,1,0,5,0,1,8,1,1,11,4,0,1,24,2,2,3,5,0,2,12,13,25
2,0,22,2,1,2,5,0,1,20,2,2,2,5,0,2,7,1,0,9,4,1,0,22,2,1,6,5,0,2,9,8,17
10,0,10,0,0,15,3,0,0,23,1,1,3,4,1,0,23,1,1,3,4,1,0,10,0,0,0,3,0,0,18,36,54
6,0,18,2,1,8,4,1,0,14,2,1,4,5,0,2,27,2,2,3,4,1,1,18,2,1,6,5,1,1,6,22,28
4,0,19,2,1,7,4,1,1,16,2,2,4,5,0,2,29,2,2,3,4,1,1,19,2,1,7,5,1,1,12,14,26
6,0,21,2,1,0,3,0,0,5,1,1,11,4,0,1,6,0,0,0,3,0,0,21,2,1,3,5,0,2,21,60,81
11,0,9,2,1,7,5,1,1,23,2,2,4,4,1,1,11,0,0,0,3,1,0,9,2,1,10,5,1,1,13,43,56
12,0,14,2,1,1,5,0,1,28,0,0,10,1,0,0,12,1,0,0,5,0,1,14,2,1,4,5,0,2,39,38,77
12,0,8,2,1,7,5,1,2,22,2,2,4,4,1,1,12,0,0,0,3,1,0,8,2,1,10,5,1,1,18,38,56
7,0,11,2,1,0,3,0,0,8,3,2,9,5,1,2,26,1,1,3,4,1,0,11,2,1,12,5,1,1,24,31,55
7,0,10,2,1,0,5,0,1,7,3,2,10,5,1,2,25,1,1,2,4,1,0,10,2,1,13,5,1,1,21,31,52
8,0,9,2,1,1,5,0,1,6,3,2,10,5,1,2,24,1,1,2,4,1,0,9,2,1,13,5,1,1,25,26,51
6,0,6,0,0,0,3,0,0,26,1,1,2,4,1,0,9,1,1,15,4,0,1,26,1,1,2,4,1,0,21,76,97
15,0,15,1,1,0,3,0,1,17,1,1,2,4,1,0,20,1,1,15,4,0,1,17,1,1,2,4,1,0,50,47,97
