p_300,0,4,e_0,8,9,25,0,0,0,0,3,0,0,0,0,0,0,3,0,0,0,0,0,0,3,0,0,0,0,0,0,3,0,0,1,16,17
p_299,0,5,e_1,9,10,29,0,0,0,0,3,0,0,8,2,2,0,5,1,1,0,0,0,0,3,0,0,0,0,0,0,3,0,0,1,19,20
p_297,0,6,e_3,15,16,38,0,0,0,0,3,0,0,7,1,1,1,5,1,0,9,1,1,1,5,1,0,18,1,1,0,5,1,0,1,22,23
p_298,0,9,e_2,11,12,43,0,0,0,0,3,0,0,8,1,1,0,5,1,0,10,1,1,0,2,1,0,0,0,0,0,3,0,0,1,31,32
p_296,0,4,e_0,28,43,57,9,1,1,4,3,0,0,5,0,0,5,2,1,0,14,1,1,4,5,1,0,9,1,1,3,5,1,0,15,14,29
p_286,0,3,e_1,46,47,60,4,1,0,0,3,0,0,23,4,4,1,5,4,0,9,0,0,9,3,0,0,4,1,0,4,4,0,1,1,13,14
p_290,0,6,e_0,40,43,65,6,1,0,1,4,0,1,2,1,0,2,4,0,1,10,1,1,8,5,1,0,6,1,0,6,4,0,1,3,22,25
p_289,0,4,e_1,43,47,65,5,1,0,1,4,0,1,24,4,4,0,5,4,0,9,0,0,9,3,0,0,5,1,0,5,4,0,1,4,18,22
p_295,0,5,e_1,29,47,70,9,1,1,5,3,0,0,4,1,0,4,4,0,1,13,1,1,5,5,1,0,9,1,1,3,5,1,0,18,23,41
p_287,0,5,e_1,45,47,70,4,1,0,0,4,0,1,24,4,4,0,5,4,0,9,0,0,9,3,0,0,4,1,0,4,4,0,1,2,23,25
p_284,0,4,e_3,54,59,73,1,1,0,1,4,0,1,21,4,4,3,5,4,0,15,4,4,1,5,4,0,9,1,0,9,4,0,1,5,14,19
p_288,0,8,e_1,44,47,81,5,1,0,1,4,0,1,24,4,4,0,5,4,0,9,0,0,9,3,0,0,5,1,0,5,4,0,1,3,34,37
p_292,0,6,e_3,38,59,81,6,0,0,6,3,0,0,1,1,0,1,4,0,1,3,1,0,3,4,0,1,10,1,1,8,5,1,0,21,22,43
p_291,0,11,e_0,39,43,82,6,1,0,1,4,0,1,2,1,0,2,4,0,1,10,1,1,8,5,1,0,6,1,0,6,4,0,1,4,39,43
p_294,0,12,e_0,31,43,87,8,1,1,4,4,0,1,5,1,0,5,4,0,1,13,1,1,5,5,1,0,8,1,1,4,5,1,0,12,44,56
p_293,0,12,e_0,33,43,87,7,1,1,3,4,0,1,4,1,0,4,4,0,1,12,1,1,6,5,1,0,7,1,1,5,5,1,0,10,44,54
p_281,0,1,e_2,73,83,90,14,2,2,3,4,0,1,16,2,2,8,5,2,0,10,1,1,6,5,1,0,14,2,2,4,5,2,0,10,7,17
p_283,0,9,e_3,57,59,92,0,1,0,0,4,0,1,20,3,3,4,5,3,0,14,4,4,2,5,4,0,8,1,0,8,4,0,1,2,33,35
p_278,0,2,e_2,77,83,95,13,2,2,2,4,0,1,14,2,2,10,5,2,0,9,1,1,7,5,1,0,13,2,2,5,5,2,0,6,12,18
p_285,0,4,e_2,53,83,103,2,1,0,9,3,0,0,21,4,4,3,5,4,0,15,4,4,1,5,4,0,2,1,0,2,4,0,1,30,20,50
p_279,0,5,e_2,76,83,108,13,2,2,2,4,0,1,15,2,2,9,5,2,0,9,1,1,7,5,1,0,13,2,2,5,5,2,0,7,25,32
p_277,0,6,e_2,82,83,113,12,1,1,0,3,0,0,13,1,1,11,5,1,0,8,0,0,8,3,0,0,12,1,1,6,5,1,0,1,30,31
p_282,0,7,e_2,66,83,118,16,3,3,5,4,0,1,18,2,2,6,5,2,0,12,2,2,4,5,2,0,16,3,3,2,5,3,0,17,35,52
p_273,0,4,e_1,110,111,127,9,0,0,0,3,0,0,5,1,0,5,4,0,1,23,3,3,5,5,3,0,9,0,0,9,3,0,0,1,16,17
p_271,0,1,e_0,121,125,130,7,1,0,1,4,0,1,20,3,3,2,5,3,0,20,1,1,8,5,1,0,7,1,0,7,4,0,1,4,5,9
p_274,0,8,e_1,88,111,141,10,1,1,7,4,0,1,12,1,0,12,4,0,1,27,7,7,1,5,7,0,10,1,1,8,5,1,0,23,30,53
p_280,0,14,e_2,75,83,141,14,2,2,2,4,0,1,15,2,2,9,5,2,0,10,1,1,6,5,1,0,14,2,2,4,5,2,0,8,58,66
p_276,0,11,e_1,84,111,152,11,1,1,8,3,0,0,13,1,1,11,5,1,0,28,7,7,0,2,7,0,11,1,1,7,5,1,0,27,41,68
p_270,0,9,e_0,122,125,156,7,1,0,1,4,0,1,19,3,3,3,5,3,0,20,1,1,8,5,1,0,7,1,0,7,4,0,1,3,31,34
p_269,0,9,e_3,127,143,172,5,1,0,5,4,0,1,28,3,3,0,5,3,0,18,2,2,4,5,2,0,18,1,1,10,5,1,0,16,29,45
p_275,0,14,e_0,86,125,173,11,1,1,12,2,1,0,8,1,0,8,4,0,1,28,7,7,0,5,7,0,11,1,1,7,5,1,0,39,48,87
p_272,0,10,e_3,113,143,177,9,0,0,9,3,0,0,4,1,0,4,4,0,1,22,3,3,0,5,3,0,22,2,2,6,5,2,0,30,34,64
p_267,0,1,e_2,148,189,194,19,2,2,13,4,0,1,21,2,2,7,5,2,0,12,1,1,10,5,1,0,19,2,2,1,5,2,0,41,5,46
p_255,0,3,e_1,184,187,198,10,0,0,1,4,0,1,14,0,0,14,3,0,0,1,1,0,1,4,0,1,10,0,0,10,3,0,0,3,11,14
p_268,0,2,e_2,144,189,199,20,2,2,14,3,0,0,23,2,2,5,5,2,0,13,1,1,9,5,1,0,20,2,2,0,5,2,0,45,10,55
p_265,0,4,e_1,152,187,203,17,2,2,11,4,0,1,20,2,2,8,5,2,0,12,1,0,12,4,0,1,17,2,2,3,5,2,0,35,16,51
p_254,0,4,e_2,187,189,207,10,0,0,0,4,0,1,14,0,0,14,3,0,0,30,9,9,0,5,9,0,10,0,0,10,3,0,0,2,18,20
p_262,0,5,e_1,157,187,208,16,2,2,10,4,0,1,19,1,1,9,5,1,0,10,1,0,10,4,0,1,16,2,2,4,5,2,0,30,21,51
p_261,0,5,e_1,164,187,208,13,2,2,7,4,0,1,17,1,1,11,5,1,0,8,1,0,8,4,0,1,13,2,2,7,5,2,0,23,21,44
p_266,0,6,e_1,151,187,213,18,2,2,11,2,1,0,20,2,2,8,5,2,0,12,1,0,12,4,0,1,18,2,2,2,5,2,0,36,26,62
p_263,0,7,e_1,154,187,218,17,2,2,11,4,0,1,19,2,2,9,5,2,0,11,1,0,11,4,0,1,17,2,2,3,5,2,0,33,31,64
p_260,0,7,e_1,165,187,218,13,2,2,7,4,0,1,16,1,1,12,5,1,0,8,1,0,8,4,0,1,13,2,2,7,5,2,0,22,31,53
p_258,0,7,e_1,168,187,218,12,2,2,6,4,0,1,15,1,1,13,5,1,0,7,1,0,7,4,0,1,12,2,2,8,5,2,0,19,31,50
p_256,0,10,e_1,182,187,229,10,0,0,1,4,0,1,14,0,0,14,3,0,0,2,1,0,2,4,0,1,10,0,0,10,3,0,0,5,42,47
p_250,0,2,e_2,217,224,232,2,1,0,2,4,0,1,14,0,0,14,3,0,0,23,4,4,7,2,5,0,2,1,0,2,4,0,1,7,8,15
p_264,0,11,e_1,153,187,234,17,2,2,11,4,0,1,20,2,2,8,5,2,0,12,1,0,12,4,0,1,17,2,2,3,5,2,0,34,47,81
p_253,0,5,e_3,190,223,240,10,0,0,10,3,0,0,14,0,0,14,3,0,0,29,9,9,1,5,9,0,8,3,3,0,5,3,0,33,17,50
p_252,0,5,e_3,205,223,240,6,1,0,6,4,0,1,14,0,0,14,3,0,0,26,7,7,4,5,7,0,4,1,1,4,5,1,0,18,17,35
p_257,0,14,e_1,169,187,245,12,2,2,6,4,0,1,15,1,1,13,5,1,0,6,1,0,6,4,0,1,12,2,2,8,5,2,0,18,58,76
p_259,0,15,e_1,167,187,250,12,2,2,6,4,0,1,16,1,1,12,5,1,0,7,1,0,7,4,0,1,12,2,2,8,5,2,0,20,63,83
p_251,0,15,e_2,209,224,273,4,1,0,4,3,0,0,14,0,0,14,3,0,0,25,6,6,5,5,6,0,4,1,0,4,4,0,1,15,49,64
p_248,0,5,e_3,246,257,274,3,1,0,3,4,0,1,14,0,0,14,3,0,0,16,1,1,14,5,1,0,24,1,1,6,5,1,0,11,17,28
p_247,0,5,e_3,250,257,274,2,1,0,2,4,0,1,14,0,0,14,3,0,0,15,0,0,15,3,0,0,22,1,1,8,5,1,0,7,17,24
p_249,0,6,e_3,239,257,279,5,0,0,5,2,1,0,14,0,0,14,3,0,0,18,2,2,12,5,2,0,26,1,1,4,5,1,0,18,22,40
p_241,0,1,e_3,283,299,304,5,1,0,5,4,0,1,8,1,0,8,4,0,1,11,1,0,11,4,0,1,12,1,0,12,4,0,1,16,5,21
p_236,0,1,e_0,305,307,312,15,1,1,0,4,0,1,4,1,0,4,4,0,1,5,1,0,5,4,0,1,15,1,1,1,5,1,0,2,5,7
p_233,0,1,e_1,311,317,322,13,1,1,2,4,0,1,25,6,6,1,2,7,0,3,1,0,3,4,0,1,13,1,1,3,5,1,0,6,5,11
p_242,0,8,e_3,277,299,327,6,1,1,6,5,1,0,10,1,0,10,4,0,1,13,1,0,13,4,0,1,14,1,0,14,4,0,1,22,28,50
p_237,0,7,e_0,304,307,332,15,1,1,1,4,0,1,4,1,0,4,4,0,1,5,1,0,5,4,0,1,15,1,1,1,5,1,0,3,25,28
p_230,0,3,e_2,319,320,333,10,1,1,0,3,0,0,23,6,6,3,5,6,0,16,4,4,0,5,4,0,10,1,1,6,5,1,0,1,13,14
p_232,0,5,e_1,314,317,336,12,1,1,1,4,0,1,25,6,6,1,5,6,0,2,1,0,2,4,0,1,12,1,1,4,5,1,0,3,19,22
p_240,0,9,e_0,301,307,340,16,2,2,2,4,0,1,5,1,0,5,4,0,1,6,1,0,6,4,0,1,16,2,2,0,5,2,0,6,33,39
p_245,0,7,e_1,269,317,344,8,2,2,15,3,0,0,12,1,0,12,4,0,1,16,1,1,14,5,1,0,8,2,2,4,5,2,0,48,27,75
p_246,0,10,e_0,262,307,345,11,2,2,14,3,0,0,15,0,0,15,3,0,0,18,1,1,12,5,1,0,11,2,2,1,5,2,0,45,38,83
p_231,0,7,e_2,317,320,347,11,1,1,1,4,0,1,24,6,6,2,5,6,0,16,4,4,0,5,4,0,11,1,1,5,5,1,0,3,27,30
p_235,0,8,e_1,308,317,349,14,1,1,3,4,0,1,26,7,7,0,5,7,0,4,1,0,4,4,0,1,14,1,1,2,5,1,0,9,32,41
p_234,0,8,e_1,310,317,349,13,1,1,2,4,0,1,25,7,7,1,5,7,0,3,1,0,3,4,0,1,13,1,1,3,5,1,0,7,32,39
p_239,0,11,e_0,302,307,350,15,2,2,1,4,0,1,5,1,0,5,4,0,1,6,1,0,6,4,0,1,15,2,2,1,5,2,0,5,43,48
p_244,0,12,e_0,271,307,355,8,2,2,12,4,0,1,15,1,0,15,4,0,1,15,1,1,15,5,1,0,8,2,2,4,5,2,0,36,48,84
p_216,0,1,e_3,347,353,358,2,1,0,2,4,0,1,16,3,3,10,5,3,0,8,1,1,8,5,1,0,23,1,1,7,5,1,0,6,5,11
p_238,0,13,e_0,303,307,360,15,1,1,1,4,0,1,4,1,0,4,4,0,1,5,1,0,5,4,0,1,15,1,1,1,2,2,0,4,53,57
p_226,0,2,e_3,329,353,363,8,1,0,8,4,0,1,20,6,6,6,5,6,0,13,3,3,3,5,3,0,28,3,3,2,5,3,0,24,10,34
p_223,0,2,e_3,336,353,363,5,1,0,5,4,0,1,18,5,5,8,5,5,0,11,2,2,5,5,2,0,26,2,2,4,5,2,0,17,10,27
p_214,0,3,e_3,349,353,368,1,1,0,1,4,0,1,15,2,2,11,2,3,0,8,1,0,8,4,0,1,23,1,1,7,5,1,0,4,15,19
p_243,0,15,e_2,272,320,373,7,2,2,15,2,1,0,11,1,0,11,4,0,1,15,1,0,15,4,0,1,7,2,2,5,5,2,0,48,53,101
p_228,0,4,e_3,325,353,373,8,2,2,8,5,1,1,21,6,6,5,5,6,0,14,3,3,2,5,3,0,29,3,3,1,5,3,0,28,20,48
p_225,0,5,e_3,330,353,378,7,1,0,7,4,0,1,19,6,6,7,5,6,0,13,3,3,3,5,3,0,28,3,3,2,5,3,0,23,25,48
p_224,0,5,e_3,331,353,378,7,1,0,7,4,0,1,19,5,5,7,2,6,0,12,3,3,4,5,3,0,27,3,3,3,5,3,0,22,25,47
p_222,0,5,e_3,337,353,378,5,1,0,5,4,0,1,18,5,5,8,5,5,0,11,2,2,5,5,2,0,26,2,2,4,5,2,0,16,25,41
p_219,0,5,e_3,342,353,378,3,1,0,3,4,0,1,17,4,4,9,5,4,0,9,2,2,7,5,2,0,24,2,2,6,5,2,0,11,25,36
p_221,0,6,e_3,339,353,383,4,1,0,4,4,0,1,17,4,4,9,2,5,0,10,2,2,6,5,2,0,25,2,2,5,5,2,0,14,30,44
p_220,0,6,e_3,341,353,383,4,1,0,4,4,0,1,17,4,4,9,5,4,0,10,2,2,6,5,2,0,25,2,2,5,5,2,0,12,30,42
p_209,0,2,e_1,357,375,385,25,10,10,6,4,0,1,14,1,1,12,5,1,0,20,1,1,10,5,1,0,25,10,10,1,2,10,1,18,10,28
p_205,0,2,e_1,362,375,385,24,9,9,4,4,0,1,13,0,0,13,3,0,0,18,1,1,12,5,1,0,24,9,9,2,2,9,1,13,10,23
p_217,0,7,e_3,346,353,388,2,1,0,2,4,0,1,16,3,3,10,5,3,0,9,1,1,7,5,1,0,23,1,1,7,2,2,0,7,35,42
p_200,0,4,e_1,367,375,393,23,8,8,2,4,0,1,13,0,0,13,3,0,0,17,1,1,13,5,1,0,23,8,8,3,2,8,1,8,18,26
p_201,0,5,e_1,366,375,398,23,9,9,3,4,0,1,13,0,0,13,3,0,0,17,1,1,13,5,1,0,23,9,9,3,5,8,1,9,23,32
p_218,0,11,e_3,343,353,402,3,1,0,3,4,0,1,16,4,4,10,5,4,0,9,1,1,7,2,2,0,24,2,2,6,5,2,0,10,49,59
p_210,0,6,e_1,354,375,403,26,10,10,7,4,0,1,14,1,1,12,2,2,0,21,1,1,9,5,1,0,26,10,10,0,5,10,0,21,28,49
p_208,0,6,e_1,358,375,403,25,10,10,5,4,0,1,13,1,1,13,5,1,0,20,1,1,10,5,1,0,25,10,10,1,5,9,1,17,28,45
p_227,0,12,e_3,327,353,407,8,1,0,8,4,0,1,20,6,6,6,5,6,0,14,3,3,2,5,3,0,29,3,3,1,5,3,0,26,54,80
p_229,0,13,e_3,320,353,412,10,1,1,6,5,1,0,23,6,6,3,5,6,0,15,4,4,1,5,4,0,30,4,4,0,5,3,1,33,59,92
p_198,0,9,e_1,369,375,414,23,8,8,2,4,0,1,13,0,0,13,3,0,0,16,1,1,14,5,1,0,23,8,8,3,5,7,1,6,39,45
p_207,0,11,e_1,359,375,422,25,10,10,5,4,0,1,13,0,0,13,2,1,0,19,1,1,11,5,1,0,25,10,10,1,5,9,1,16,47,63
p_190,0,1,e_0,379,417,424,21,6,6,12,4,0,1,30,9,9,0,5,9,0,15,1,0,15,4,0,1,21,6,6,5,5,5,1,38,7,45
p_183,0,1,e_0,396,417,424,17,4,4,7,4,0,1,25,8,8,5,5,7,1,9,1,0,9,4,0,1,17,4,4,9,5,3,1,21,7,28
p_206,0,12,e_1,361,375,427,24,10,10,4,4,0,1,13,0,0,13,3,0,0,19,1,1,11,5,1,0,24,10,10,2,5,9,1,14,52,66
p_203,0,12,e_1,364,375,427,24,9,9,3,4,0,1,13,0,0,13,3,0,0,18,1,1,12,5,1,0,24,9,9,2,5,8,1,11,52,63
p_182,0,2,e_0,397,417,429,16,4,4,6,4,0,1,25,7,7,5,2,7,1,9,1,0,9,4,0,1,16,4,4,10,5,3,1,20,12,32
p_180,0,2,e_0,399,417,429,16,4,4,6,4,0,1,25,7,7,5,5,6,1,8,1,0,8,4,0,1,16,4,4,10,5,3,1,18,12,30
p_161,0,1,e_2,421,424,429,10,1,0,1,4,0,1,30,10,10,0,5,10,0,19,4,4,11,2,4,1,10,1,0,10,4,0,1,3,5,8
p_178,0,3,e_0,401,417,434,15,3,3,5,4,0,1,24,7,7,6,5,6,1,7,1,0,7,4,0,1,15,3,3,11,2,3,1,16,17,33
p_204,0,14,e_1,363,375,435,24,9,9,4,4,0,1,13,0,0,13,3,0,0,18,1,1,12,5,1,0,24,9,9,2,5,8,1,12,60,72
p_186,0,4,e_0,390,417,439,19,4,4,9,4,0,1,27,9,9,3,5,8,1,11,1,0,11,4,0,1,19,4,4,7,5,3,1,27,22,49
p_215,0,15,e_1,348,375,440,1,1,0,8,2,1,0,15,3,3,11,5,3,0,23,1,1,7,5,1,0,1,1,0,1,4,0,1,27,65,92
p_211,0,15,e_1,353,375,440,26,10,10,7,4,0,1,14,2,2,12,5,2,0,21,1,1,9,5,1,0,26,10,10,0,5,10,0,22,65,87
p_202,0,15,e_1,365,375,440,24,9,9,3,4,0,1,13,0,0,13,3,0,0,17,1,1,13,5,1,0,24,9,9,2,5,8,1,10,65,75
p_199,0,15,e_1,368,375,440,23,8,8,2,4,0,1,13,0,0,13,3,0,0,16,1,1,14,5,1,0,23,8,8,3,5,7,1,7,65,72
p_165,0,4,e_2,417,424,440,12,1,0,2,4,0,1,30,11,11,0,5,10,1,20,5,5,10,5,4,1,12,1,0,12,4,0,1,7,16,23
p_192,0,8,e_0,375,417,453,22,7,7,13,3,0,0,30,10,10,0,5,9,1,15,0,0,15,3,0,0,22,7,7,4,5,6,1,42,36,78
p_189,0,8,e_0,382,417,453,20,5,5,11,4,0,1,29,10,10,1,5,9,1,14,1,0,14,4,0,1,20,5,5,6,2,5,1,35,36,71
p_179,0,8,e_0,400,417,453,15,4,4,5,4,0,1,25,7,7,5,5,6,1,8,1,0,8,4,0,1,15,4,4,11,5,3,1,17,36,53
p_177,0,9,e_0,402,417,458,15,3,3,5,4,0,1,24,6,6,6,2,6,1,7,1,0,7,4,0,1,15,3,3,11,5,2,1,15,41,56
p_191,0,10,e_2,376,424,460,21,7,7,15,3,0,0,13,1,0,13,4,0,1,30,9,9,0,2,9,0,21,7,7,5,5,6,1,48,36,84
p_163,0,10,e_2,419,424,460,11,1,0,1,4,0,1,30,10,10,0,5,10,0,20,5,5,10,5,4,1,11,1,0,11,4,0,1,5,36,41
p_158,0,1,e_3,430,453,460,7,1,0,7,4,0,1,28,9,9,2,5,8,1,17,3,3,13,5,2,1,21,3,3,1,5,3,0,23,7,30
p_185,0,10,e_0,391,417,463,18,4,4,8,4,0,1,26,9,9,4,5,8,1,11,1,0,11,4,0,1,18,4,4,8,5,3,1,26,46,72
p_164,0,11,e_2,418,424,465,11,1,0,2,4,0,1,30,10,10,0,2,10,0,20,5,5,10,5,4,1,11,1,0,11,4,0,1,6,41,47
p_162,0,11,e_2,420,424,465,11,1,0,1,4,0,1,30,10,10,0,5,10,0,19,5,5,11,5,4,1,11,1,0,11,4,0,1,4,41,45
p_187,0,12,e_0,389,417,471,19,4,4,9,4,0,1,27,9,9,3,5,8,1,11,1,0,11,4,0,1,19,4,4,7,5,3,1,28,54,82
p_184,0,12,e_0,392,417,471,18,4,4,8,4,0,1,4,8,8,4,3,8,1,10,1,0,10,4,0,1,18,4,4,8,5,3,1,25,54,79
p_188,0,13,e_0,384,417,476,20,5,5,11,4,0,1,28,9,9,2,2,9,1,13,1,0,13,4,0,1,20,5,5,6,5,4,1,33,59,92
p_159,0,6,e_3,429,453,477,8,1,0,8,4,0,1,28,9,9,2,5,8,1,18,3,3,12,5,2,1,21,3,3,1,5,3,0,24,24,48
p_150,0,6,e_3,443,453,477,3,1,0,3,4,0,1,25,7,7,5,5,6,1,14,1,0,14,4,0,1,17,2,2,5,5,2,0,10,24,34
p_212,0,7,e_3,351,453,482,0,1,0,0,4,0,1,15,2,2,11,5,2,0,8,1,0,8,4,0,1,22,1,1,8,5,1,0,102,29,131
p_154,0,7,e_3,436,453,482,5,1,0,5,4,0,1,27,8,8,3,5,7,1,16,2,2,14,5,1,1,19,3,3,3,5,3,0,17,29,46
p_181,0,15,e_0,398,417,484,16,4,4,6,4,0,1,25,7,7,5,5,6,1,8,1,0,8,4,0,1,16,4,4,10,5,3,1,19,67,86
p_148,0,8,e_3,449,453,487,1,1,0,1,4,0,1,23,7,7,7,5,6,1,12,1,0,12,4,0,1,15,2,2,7,5,2,0,4,34,38
p_153,0,9,e_3,437,453,492,5,1,0,5,4,0,1,26,8,8,4,5,7,1,16,2,2,14,5,1,1,19,3,3,3,5,3,0,16,39,55
p_146,0,1,e_1,453,487,494,30,8,8,11,4,0,1,22,6,6,8,5,5,1,14,2,2,8,5,2,0,30,8,8,0,5,7,1,34,7,41
p_143,0,3,e_1,456,487,502,30,7,7,10,4,0,1,21,6,6,9,5,5,1,13,2,2,9,5,2,0,30,7,7,0,5,7,0,31,15,46
p_136,0,3,e_1,465,487,502,28,7,7,7,4,0,1,20,4,4,10,5,3,1,11,1,0,11,4,0,1,28,7,7,2,5,6,1,22,15,37
p_196,0,4,e_1,371,487,507,22,8,8,1,4,0,1,13,0,0,13,3,0,0,15,1,1,15,5,1,0,22,8,8,4,5,7,1,116,20,136
p_113,0,1,e_2,489,500,507,22,4,4,3,4,0,1,14,1,0,14,4,0,1,30,9,9,0,5,9,0,22,4,4,8,5,3,1,11,7,18
p_157,0,14,e_3,431,453,509,7,1,0,7,4,0,1,28,9,9,2,5,8,1,17,3,3,13,5,2,1,21,3,3,1,5,3,0,22,56,78
p_155,0,14,e_3,435,453,509,6,1,0,6,4,0,1,27,8,8,3,5,7,1,16,2,2,14,5,1,1,19,3,3,3,5,3,0,18,56,74
p_213,0,15,e_3,350,453,514,1,1,0,1,4,0,1,15,2,2,11,5,2,0,8,1,0,8,4,0,1,22,1,1,8,5,1,0,103,61,164
p_160,0,15,e_3,426,453,514,9,1,0,9,4,0,1,29,10,10,1,5,9,1,18,3,3,12,2,3,1,22,4,4,0,5,4,0,27,61,88
p_156,0,15,e_3,434,453,514,6,1,0,6,4,0,1,27,8,8,3,5,7,1,16,2,2,14,2,2,1,20,3,3,2,5,3,0,19,61,80
p_152,0,15,e_3,441,453,514,4,1,0,4,4,0,1,26,7,7,4,5,6,1,15,1,0,15,4,0,1,18,2,2,4,5,2,0,12,61,73
p_151,0,15,e_3,442,453,514,3,1,0,3,4,0,1,25,7,7,5,5,6,1,15,1,0,15,4,0,1,18,2,2,4,5,2,0,11,61,72
p_149,0,15,e_3,444,453,514,3,1,0,3,4,0,1,25,7,7,5,5,6,1,14,1,0,14,4,0,1,17,2,2,5,5,2,0,9,61,70
p_194,0,6,e_1,373,487,515,22,7,7,0,4,0,1,13,0,0,13,3,0,0,15,0,0,15,3,0,0,22,7,7,4,5,6,1,114,28,142
p_141,0,6,e_1,458,487,515,29,8,8,9,4,0,1,21,5,5,9,5,4,1,12,2,2,10,5,2,0,29,8,8,1,5,7,1,29,28,57
p_114,0,3,e_2,488,500,515,22,4,4,4,4,0,1,14,1,0,14,4,0,1,30,9,9,0,2,9,0,22,4,4,8,5,3,1,12,15,27
p_137,0,4,e_2,464,500,520,28,7,7,11,2,1,0,20,4,4,10,5,3,1,7,1,0,7,4,0,1,28,7,7,2,5,6,1,36,20,56
p_140,0,8,e_1,459,487,523,29,7,7,9,4,0,1,21,5,5,9,5,4,1,12,1,1,10,2,2,0,29,7,7,1,2,7,1,28,36,64
p_144,0,9,e_1,455,487,528,30,7,7,10,4,0,1,22,6,6,8,5,5,1,13,2,2,9,5,2,0,30,7,7,0,5,7,0,32,41,73
p_142,0,9,e_1,457,487,528,30,7,7,10,4,0,1,21,5,5,9,2,5,1,13,2,2,9,5,2,0,30,7,7,0,5,7,0,30,41,71
p_108,0,6,e_2,496,500,528,20,3,3,1,4,0,1,11,1,0,11,4,0,1,29,9,9,1,5,8,1,20,3,3,10,5,2,1,4,28,32
p_197,0,10,e_1,370,487,533,23,8,8,1,4,0,1,13,0,0,13,3,0,0,16,1,1,14,5,1,0,23,8,8,3,5,7,1,117,46,163
p_139,0,10,e_1,461,487,533,29,7,7,8,4,0,1,20,5,5,10,5,4,1,12,1,1,10,5,1,0,29,7,7,1,5,6,1,26,46,72
p_167,0,1,e_0,413,531,536,13,1,0,1,4,0,1,21,5,5,9,2,5,1,3,1,0,3,4,0,1,13,1,0,13,4,0,1,118,5,123
p_111,0,8,e_2,491,500,536,21,3,3,3,4,0,1,13,1,0,13,4,0,1,30,9,9,0,5,9,0,21,3,3,9,2,3,1,9,36,45
p_193,0,11,e_1,374,487,538,22,7,7,0,3,0,0,13,0,0,13,3,0,0,15,0,0,15,3,0,0,22,7,7,4,5,6,1,113,51,164
p_145,0,11,e_1,454,487,538,30,7,7,11,4,0,1,22,6,6,8,5,5,1,14,2,2,8,5,2,0,30,7,7,0,2,7,0,33,51,84
p_138,0,11,e_1,463,487,538,28,7,7,8,4,0,1,20,4,4,10,5,3,1,11,1,1,11,5,1,0,28,7,7,2,5,6,1,24,51,75
p_115,0,9,e_2,487,500,541,22,4,4,4,4,0,1,14,1,0,14,4,0,1,30,10,10,0,5,9,1,22,4,4,8,5,3,1,13,41,54
p_106,0,3,e_0,500,531,544,19,3,3,10,4,0,1,27,9,9,3,5,8,1,30,9,9,0,5,8,1,19,3,3,11,5,2,1,31,13,44
p_176,0,4,e_0,403,531,549,15,3,3,4,4,0,1,24,6,6,6,5,5,1,7,1,0,7,4,0,1,15,3,3,11,5,2,1,128,18,146
p_112,0,11,e_2,490,500,549,21,4,4,3,4,0,1,13,1,0,13,4,0,1,30,9,9,0,5,9,0,21,4,4,9,5,3,1,10,49,59
p_110,0,11,e_2,492,500,549,21,3,3,2,4,0,1,13,1,0,13,4,0,1,29,10,10,1,5,9,1,21,3,3,9,5,2,1,8,49,57
p_107,0,11,e_2,499,500,549,19,3,3,0,3,0,0,10,1,0,10,4,0,1,28,9,9,2,5,8,1,19,3,3,11,5,2,1,1,49,50
p_195,0,15,e_1,372,487,552,4,7,7,1,4,0,1,13,0,0,13,3,0,0,15,0,0,15,2,1,0,4,7,7,4,3,7,1,115,65,180
p_109,0,15,e_2,493,500,563,21,3,3,2,4,0,1,12,1,0,12,4,0,1,29,9,9,1,2,9,1,21,3,3,9,5,2,1,7,63,70
p_169,0,9,e_0,411,531,566,13,1,1,2,4,0,1,22,6,6,8,5,5,1,4,1,0,4,4,0,1,13,1,1,13,2,1,1,120,35,155
p_86,0,2,e_3,544,561,571,5,1,0,5,4,0,1,27,8,8,3,5,7,1,17,2,2,13,5,1,1,20,2,2,10,5,2,0,17,10,27
p_173,0,11,e_0,407,531,574,14,2,2,3,4,0,1,23,6,6,7,5,5,1,5,1,0,5,4,0,1,14,2,2,12,5,1,1,124,43,167
p_103,0,11,e_0,508,531,574,16,2,2,7,4,0,1,26,7,7,4,5,6,1,29,7,7,1,5,7,0,16,2,2,14,2,2,1,23,43,66
p_77,0,3,e_3,557,561,576,1,1,0,1,4,0,1,24,7,7,6,5,6,1,14,1,0,14,4,0,1,17,1,1,13,5,1,0,4,15,19
p_166,0,12,e_0,416,531,579,12,1,0,0,3,0,0,21,5,5,9,5,4,1,2,1,0,2,4,0,1,12,1,0,12,4,0,1,115,48,163
p_105,0,12,e_0,502,531,579,18,3,3,9,4,0,1,27,8,8,3,5,7,1,30,8,8,0,5,8,0,18,3,3,12,5,2,1,29,48,77
p_171,0,13,e_0,409,531,584,14,2,2,2,4,0,1,22,6,6,8,5,5,1,5,1,0,5,4,0,1,14,2,2,12,5,1,1,122,53,175
p_168,0,13,e_0,412,531,584,13,1,0,1,4,0,1,21,6,6,9,5,5,1,4,1,0,4,4,0,1,13,1,0,13,4,0,1,119,53,172
p_88,0,5,e_3,538,561,584,7,1,0,7,4,0,1,29,9,9,1,5,8,1,19,2,2,11,5,1,1,22,3,3,8,5,3,0,23,23,46
p_175,0,14,e_0,405,531,589,14,3,3,4,4,0,1,24,6,6,6,5,5,1,6,1,0,6,4,0,1,14,3,3,12,5,2,1,126,58,184
p_174,0,14,e_0,406,531,589,14,2,2,3,4,0,1,23,6,6,7,5,5,1,6,1,0,6,4,0,1,14,2,2,12,2,2,1,125,58,183
p_170,0,14,e_0,410,531,589,13,2,2,2,4,0,1,22,6,6,8,5,5,1,4,1,0,4,4,0,1,13,2,2,13,5,1,1,121,58,179
p_104,0,14,e_0,503,531,589,18,3,3,9,4,0,1,27,8,8,3,5,7,1,30,8,8,0,5,8,0,18,3,3,12,5,2,1,28,58,86
p_76,0,6,e_3,558,561,589,1,1,0,1,4,0,1,23,7,7,7,5,6,1,13,1,0,13,4,0,1,16,1,1,14,5,1,0,3,28,31
p_172,0,15,e_0,408,531,594,14,2,2,3,4,0,1,23,6,6,7,5,5,1,5,1,0,5,4,0,1,14,2,2,12,5,1,1,123,63,186
p_80,0,7,e_3,552,561,594,3,1,0,3,4,0,1,25,7,7,5,5,6,1,15,1,0,15,4,0,1,18,1,1,12,5,1,0,9,33,42
p_87,0,8,e_3,539,561,599,7,1,0,7,4,0,1,28,9,9,2,5,8,1,19,2,2,11,5,1,1,21,3,3,9,5,3,0,22,38,60
p_83,0,8,e_3,549,561,599,4,1,0,4,4,0,1,26,7,7,4,5,6,1,16,2,2,14,5,1,1,19,1,1,11,5,1,0,12,38,50
p_147,0,9,e_3,452,561,604,0,0,0,0,3,0,0,22,6,6,8,2,6,1,11,1,0,11,4,0,1,14,2,2,8,5,2,0,109,43,152
p_89,0,9,e_3,535,561,604,8,1,0,8,4,0,1,29,9,9,1,2,9,1,20,3,3,10,5,2,1,22,3,3,8,2,4,0,26,43,69
p_130,0,1,e_1,472,599,606,25,7,7,5,4,0,1,18,3,3,12,5,2,1,9,1,0,9,4,0,1,25,7,7,5,5,6,1,127,7,134
p_129,0,3,e_1,473,599,614,25,7,7,4,4,0,1,18,3,3,12,5,2,1,9,1,0,9,4,0,1,25,7,7,5,5,6,1,126,15,141
p_84,0,12,e_3,546,561,615,5,1,0,5,4,0,1,27,8,8,3,5,7,1,17,2,2,13,5,1,1,20,2,2,10,5,2,0,15,54,69
p_78,0,12,e_3,556,561,615,1,1,0,1,4,0,1,24,7,7,6,5,6,1,14,1,0,14,4,0,1,17,1,1,13,5,1,0,5,54,59
p_72,0,3,e_2,562,610,621,30,10,10,15,2,1,0,22,7,7,8,5,6,1,12,1,0,12,4,0,1,30,10,10,0,2,10,0,48,11,59
p_82,0,14,e_3,550,561,623,3,1,0,3,4,0,1,26,7,7,4,5,6,1,15,2,2,15,5,1,1,19,1,1,11,5,1,0,11,62,73
p_81,0,14,e_3,551,561,623,3,1,0,3,4,0,1,26,7,7,4,5,6,1,15,1,1,15,2,1,1,19,1,1,11,5,1,0,10,62,72
p_79,0,14,e_3,553,561,623,2,1,0,2,4,0,1,25,7,7,5,5,6,1,15,1,0,15,4,0,1,18,1,1,12,5,1,0,8,62,70
p_124,0,7,e_1,478,599,628,24,6,6,3,4,0,1,17,2,2,13,5,1,1,7,1,0,7,4,0,1,24,6,6,6,5,5,1,121,29,150
p_85,0,15,e_3,545,561,628,5,1,0,5,4,0,1,27,8,8,3,5,7,1,17,2,2,13,5,1,1,20,2,2,10,5,2,0,16,67,83
p_135,0,10,e_1,466,599,639,27,7,7,7,4,0,1,19,4,4,11,5,3,1,11,1,0,11,4,0,1,27,7,7,3,5,6,1,133,40,173
p_127,0,10,e_1,475,599,639,24,7,7,4,4,0,1,17,2,2,13,2,2,1,8,1,0,8,4,0,1,24,7,7,6,5,6,1,124,40,164
p_132,0,11,e_1,470,599,644,26,7,7,5,4,0,1,18,3,3,12,2,3,1,10,1,0,10,4,0,1,26,7,7,4,5,6,1,129,45,174
p_128,0,11,e_1,474,599,644,25,7,7,4,4,0,1,17,3,3,13,5,2,1,8,1,0,8,4,0,1,25,7,7,5,5,6,1,125,45,170
p_123,0,11,e_1,479,599,644,24,6,6,2,4,0,1,16,2,2,14,5,1,1,7,1,0,7,4,0,1,24,6,6,6,5,5,1,120,45,165
p_121,0,11,e_1,481,599,644,23,5,5,2,4,0,1,16,2,2,14,5,1,1,6,1,0,6,4,0,1,23,5,5,7,2,5,1,118,45,163
p_96,0,1,e_0,517,641,646,14,1,0,4,4,0,1,24,6,6,6,5,5,1,27,6,6,3,5,6,0,14,1,0,14,4,0,1,124,5,129
p_41,0,11,e_2,600,610,647,22,5,5,3,4,0,1,13,1,0,13,4,0,1,30,8,8,0,2,8,0,22,5,5,8,5,4,1,10,37,47
p_133,0,12,e_1,469,599,649,26,7,7,6,4,0,1,18,4,4,12,5,3,1,10,1,0,10,4,0,1,26,7,7,4,5,6,1,130,50,180
p_126,0,12,e_1,476,599,649,24,6,6,3,4,0,1,17,2,2,13,5,1,1,8,1,0,8,4,0,1,24,6,6,6,2,6,1,123,50,173
p_39,0,12,e_2,607,610,652,20,4,4,1,4,0,1,11,1,0,11,4,0,1,29,8,8,1,5,7,1,20,4,4,10,5,3,1,3,42,45
p_92,0,4,e_0,525,641,657,12,1,0,2,4,0,1,22,5,5,8,5,4,1,25,5,5,5,5,5,0,12,1,0,12,4,0,1,116,16,132
p_131,0,14,e_1,471,599,657,26,7,7,5,4,0,1,18,3,3,12,5,2,1,9,1,0,9,4,0,1,26,7,7,4,5,6,1,128,58,186
p_125,0,14,e_1,477,599,657,24,6,6,3,4,0,1,17,2,2,13,5,1,1,7,1,0,7,4,0,1,24,6,6,6,5,5,1,122,58,180
p_40,0,13,e_2,602,610,657,21,5,5,2,4,0,1,13,1,0,13,4,0,1,30,8,8,0,5,8,0,21,5,5,9,5,4,1,8,47,55
p_38,0,13,e_2,608,610,657,20,4,4,0,4,0,1,11,1,0,11,4,0,1,29,8,8,1,5,7,1,20,4,4,10,5,3,1,2,47,49
p_134,0,15,e_1,467,599,662,27,7,7,6,4,0,1,19,4,4,11,5,3,1,11,1,0,11,4,0,1,27,7,7,3,5,6,1,132,63,195
p_122,0,15,e_1,480,599,662,23,6,6,2,4,0,1,16,2,2,14,5,1,1,6,1,0,6,4,0,1,23,6,6,7,5,5,1,119,63,182
p_99,0,6,e_0,514,641,665,15,1,0,5,4,0,1,24,6,6,6,2,6,1,27,6,6,3,2,7,0,15,1,0,15,4,0,1,127,24,151
p_94,0,6,e_0,519,641,665,14,1,0,4,4,0,1,23,6,6,7,5,5,1,4,5,5,4,3,6,0,14,1,0,14,4,0,1,122,24,146
p_102,0,7,e_0,509,641,670,16,2,2,7,4,0,1,26,7,7,4,5,6,1,29,7,7,1,5,7,0,16,2,2,14,5,1,1,132,29,161
p_98,0,7,e_0,515,641,670,15,1,0,5,4,0,1,24,6,6,6,5,5,1,27,6,6,3,5,6,0,15,1,0,15,4,0,1,126,29,155
p_97,0,7,e_0,516,641,670,15,1,0,5,4,0,1,24,6,6,6,5,5,1,27,6,6,3,5,6,0,15,1,0,15,4,0,1,125,29,154
p_101,0,8,e_0,511,641,675,16,2,2,6,4,0,1,25,7,7,5,5,6,1,28,7,7,2,5,7,0,16,2,2,14,5,1,1,130,34,164
p_100,0,9,e_0,513,641,680,15,1,1,6,4,0,1,24,7,7,6,5,6,1,27,7,7,3,5,7,0,15,1,1,15,2,1,1,128,39,167
p_37,0,9,e_0,615,641,680,18,3,3,8,4,0,1,27,7,7,3,5,6,1,25,4,4,1,5,4,0,18,3,3,12,5,2,1,26,39,65
p_30,0,3,e_3,668,675,686,2,1,0,2,4,0,1,21,7,7,7,5,6,1,13,1,0,13,4,0,1,13,0,0,13,3,0,0,7,11,18
p_91,0,12,e_0,526,641,691,11,1,0,1,4,0,1,21,5,5,9,5,4,1,24,5,5,6,5,5,0,11,1,0,11,4,0,1,115,50,165
p_75,0,5,e_3,559,675,694,0,1,0,0,4,0,1,23,7,7,7,5,6,1,13,1,0,13,4,0,1,16,1,1,14,5,1,0,116,19,135
p_29,0,5,e_3,670,675,694,1,1,0,1,4,0,1,21,6,6,7,5,5,1,13,1,0,13,4,0,1,13,0,0,13,3,0,0,5,19,24
p_93,0,13,e_0,520,641,696,13,1,0,3,4,0,1,23,6,6,7,5,5,1,26,5,5,4,5,5,0,13,1,0,13,4,0,1,121,55,176
p_90,0,13,e_0,527,641,696,11,1,0,1,4,0,1,21,4,4,9,2,4,1,24,4,4,6,2,5,0,11,1,0,11,4,0,1,114,55,169
p_36,0,13,e_0,628,641,696,15,1,0,4,4,0,1,23,6,6,7,5,5,1,21,3,3,5,5,3,0,15,1,0,15,4,0,1,13,55,68
p_32,0,6,e_3,650,675,699,8,1,0,8,4,0,1,26,9,9,2,5,8,1,18,3,3,12,5,2,1,14,2,2,12,5,2,0,25,24,49
p_31,0,6,e_3,666,675,699,3,1,0,3,4,0,1,22,7,7,6,5,6,1,14,1,0,14,4,0,1,13,0,0,13,3,0,0,9,24,33
p_95,0,14,e_0,518,641,701,14,1,0,4,4,0,1,23,6,6,7,5,5,1,26,6,6,4,5,6,0,14,1,0,14,4,0,1,123,60,183
p_74,0,7,e_3,560,675,704,0,0,0,0,3,0,0,23,7,7,7,5,6,1,13,1,0,13,4,0,1,16,1,1,14,5,1,0,115,29,144
p_119,0,1,e_1,483,709,714,23,5,5,1,4,0,1,15,1,1,15,2,1,1,5,1,0,5,4,0,1,23,5,5,7,5,4,1,226,5,231
p_65,0,1,e_1,573,709,714,28,10,10,8,4,0,1,19,5,5,11,2,5,1,12,1,0,12,4,0,1,28,10,10,2,5,9,1,136,5,141
p_34,0,12,e_3,646,675,721,9,1,0,9,4,0,1,27,9,9,1,5,8,1,19,4,4,11,5,3,1,15,2,2,11,2,3,0,29,46,75
p_71,0,3,e_1,564,709,722,30,10,10,11,4,0,1,21,7,7,9,5,6,1,15,1,0,15,4,0,1,30,10,10,0,5,10,0,145,13,158
p_70,0,3,e_1,565,709,722,30,10,10,11,4,0,1,21,6,6,9,2,6,1,15,1,0,15,4,0,1,30,10,10,0,5,10,0,144,13,157
p_67,0,3,e_1,568,709,722,29,11,11,10,4,0,1,21,6,6,9,5,5,1,14,1,0,14,4,0,1,29,11,11,1,5,10,1,141,13,154
p_66,0,3,e_1,569,709,722,28,11,11,10,4,0,1,20,6,6,10,5,5,1,13,1,0,13,4,0,1,28,11,11,2,5,10,1,140,13,153
p_64,0,4,e_1,574,709,727,27,10,10,8,4,0,1,19,5,5,11,5,4,1,12,1,0,12,4,0,1,27,10,10,3,5,9,1,135,18,153
p_33,0,15,e_3,649,675,732,8,1,0,8,4,0,1,26,9,9,2,5,8,1,18,3,3,12,5,2,1,15,2,2,11,5,2,0,26,57,83
p_118,0,7,e_1,484,709,738,23,5,5,1,4,0,1,15,1,0,15,4,0,1,5,1,0,5,4,0,1,23,5,5,7,5,4,1,225,29,254
p_117,0,10,e_1,485,709,749,22,5,5,0,4,0,1,15,1,0,15,4,0,1,5,1,0,5,4,0,1,22,5,5,8,5,4,1,224,40,264
p_116,0,10,e_1,486,709,749,22,4,4,0,3,0,0,15,1,0,15,4,0,1,4,1,0,4,4,0,1,22,4,4,8,2,4,1,223,40,263
p_28,0,11,e_2,676,718,753,30,6,6,13,3,0,0,20,5,5,8,5,4,1,11,1,0,11,4,0,1,30,6,6,0,5,6,0,42,35,77
p_120,0,11,e_1,482,709,754,23,5,5,1,4,0,1,15,2,2,15,5,1,1,6,1,0,6,4,0,1,23,5,5,7,5,4,1,227,45,272
p_73,0,11,e_1,561,709,754,30,11,11,12,4,0,1,22,7,7,8,5,6,1,15,1,1,15,5,1,0,30,11,11,0,5,10,1,148,45,193
p_22,0,3,e_0,719,745,756,18,2,2,8,4,0,1,26,8,8,2,5,7,1,24,2,2,0,5,2,0,18,2,2,12,5,2,0,26,11,37
p_23,0,12,e_2,711,718,758,21,2,2,2,4,0,1,11,1,0,11,4,0,1,28,8,8,0,5,8,0,21,2,2,9,5,2,0,7,40,47
p_21,0,4,e_0,731,745,761,15,0,0,4,4,0,1,23,6,6,5,5,5,1,20,2,2,4,5,2,0,15,0,0,15,2,1,0,14,16,30
p_68,0,13,e_1,567,709,762,29,11,11,10,4,0,1,21,6,6,9,5,5,1,14,1,0,14,4,0,1,29,11,11,1,5,10,1,142,53,195
p_63,0,13,e_1,577,709,762,27,9,9,7,4,0,1,18,5,5,12,5,4,1,11,1,0,11,4,0,1,27,9,9,3,5,8,1,132,53,185
p_69,0,14,e_1,566,709,767,29,11,11,11,4,0,1,21,6,6,9,5,5,1,14,1,0,14,4,0,1,29,11,11,1,5,10,1,143,58,201
p_35,0,9,e_0,630,745,778,15,1,0,3,4,0,1,23,6,6,7,5,5,1,20,3,3,6,5,3,0,15,1,0,15,4,0,1,115,33,148
p_20,0,14,e_0,734,745,795,15,0,0,3,4,0,1,22,6,6,6,5,5,1,19,2,2,5,5,2,0,15,0,0,15,3,0,0,11,50,61
p_16,0,2,e_3,780,802,810,7,1,0,7,4,0,1,19,1,1,9,5,1,0,10,1,0,10,4,0,1,8,1,0,8,4,0,1,22,8,30
p_14,0,4,e_3,794,802,818,2,1,0,2,4,0,1,14,0,0,14,2,1,0,5,1,0,5,4,0,1,3,1,0,3,4,0,1,8,16,24
p_55,0,3,e_1,585,811,822,25,8,8,4,4,0,1,17,3,3,13,5,2,1,8,1,0,8,4,0,1,25,8,8,5,5,7,1,226,11,237
p_54,0,3,e_1,586,811,822,25,8,8,4,4,0,1,17,3,3,13,5,2,1,8,1,0,8,4,0,1,25,8,8,5,5,7,1,225,11,236
p_52,0,3,e_1,588,811,822,24,7,7,3,4,0,1,16,2,2,14,2,2,1,7,1,0,7,4,0,1,24,7,7,6,2,7,1,223,11,234
p_48,0,4,e_1,592,811,827,23,7,7,2,4,0,1,15,2,2,15,5,1,1,6,1,0,6,4,0,1,23,7,7,7,5,6,1,219,16,235
p_61,0,6,e_1,579,811,835,26,9,9,6,4,0,1,18,4,4,12,5,3,1,10,1,0,10,4,0,1,26,9,9,4,5,8,1,232,24,256
p_56,0,6,e_1,584,811,835,25,8,8,5,4,0,1,17,3,3,13,5,2,1,8,1,0,8,4,0,1,25,8,8,5,5,7,1,227,24,251
p_15,0,9,e_3,793,802,835,3,1,0,3,4,0,1,14,1,1,14,5,1,0,6,1,0,6,4,0,1,4,1,0,4,4,0,1,9,33,42
p_18,0,10,e_2,766,805,837,12,1,0,12,3,0,0,23,2,2,5,5,2,0,14,1,1,14,2,1,1,12,1,0,12,4,0,1,39,32,71
p_50,0,7,e_1,590,811,840,24,7,7,3,4,0,1,16,2,2,14,5,1,1,6,1,0,6,4,0,1,24,7,7,6,5,6,1,221,29,250
p_17,0,10,e_3,776,802,840,8,1,0,8,4,0,1,19,2,2,9,5,2,0,11,1,0,11,4,0,1,9,1,0,9,4,0,1,26,38,64
p_19,0,11,e_3,754,802,845,15,0,0,15,3,0,0,25,4,4,3,5,4,0,17,3,3,11,5,2,1,13,1,1,11,5,1,0,48,43,91
p_13,0,11,e_3,796,802,845,2,1,0,2,4,0,1,14,0,0,14,3,0,0,5,1,0,5,4,0,1,3,1,0,3,4,0,1,6,43,49
p_12,0,11,e_3,798,802,845,1,1,0,1,4,0,1,14,0,0,14,3,0,0,4,1,0,4,4,0,1,2,1,0,2,4,0,1,4,43,47
p_53,0,9,e_1,587,811,848,24,8,8,4,4,0,1,16,3,3,14,5,2,1,7,1,0,7,4,0,1,24,8,8,6,5,7,1,224,37,261
p_51,0,9,e_1,589,811,848,24,7,7,3,4,0,1,16,2,2,14,5,1,1,7,1,0,7,4,0,1,24,7,7,6,5,6,1,222,37,259
p_60,0,10,e_1,580,811,853,26,9,9,6,4,0,1,18,4,4,12,5,3,1,10,1,0,10,4,0,1,26,9,9,4,5,8,1,231,42,273
p_58,0,11,e_1,582,811,858,25,9,9,5,4,0,1,17,4,4,13,5,3,1,9,1,0,9,4,0,1,25,9,9,5,5,8,1,229,47,276
p_57,0,11,e_1,583,811,858,25,8,8,5,4,0,1,17,3,3,13,2,3,1,9,1,0,9,4,0,1,25,8,8,5,2,8,1,228,47,275
p_62,0,13,e_1,578,811,866,27,9,9,7,4,0,1,18,4,4,12,2,4,1,10,1,0,10,4,0,1,27,9,9,3,5,8,1,233,55,288
p_59,0,14,e_1,581,811,871,26,9,9,6,4,0,1,18,4,4,12,5,3,1,9,1,0,9,4,0,1,26,9,9,4,5,8,1,230,60,290
p_49,0,14,e_1,591,811,871,24,7,7,2,4,0,1,16,2,2,14,5,1,1,6,1,0,6,4,0,1,24,7,7,6,5,6,1,220,60,280
p_9,0,2,e_2,846,879,887,11,0,0,10,3,0,0,11,1,0,11,4,0,1,19,6,6,9,5,5,1,11,0,0,11,3,0,0,33,8,41
p_6,0,3,e_2,877,879,892,11,0,0,0,4,0,1,1,1,0,1,4,0,1,12,1,0,12,4,0,1,11,0,0,11,3,0,0,2,13,15
p_7,0,5,e_0,875,880,897,11,0,0,1,4,0,1,13,1,0,13,4,0,1,1,1,0,1,4,0,1,11,0,0,11,3,0,0,5,17,22
p_10,0,8,e_0,835,880,908,13,2,2,14,3,0,0,22,7,7,6,5,6,1,10,1,1,10,5,1,0,13,2,2,9,5,2,0,45,28,73
p_8,0,11,e_2,874,879,918,11,0,0,1,4,0,1,2,1,0,2,4,0,1,13,1,0,13,4,0,1,11,0,0,11,3,0,0,5,39,44
p_4,0,1,e_1,886,915,920,11,1,0,9,4,0,1,14,2,2,2,5,2,0,20,2,2,2,2,3,0,11,1,0,11,4,0,1,29,5,34
p_45,0,2,e_1,595,915,925,23,6,6,1,4,0,1,15,1,0,15,4,0,1,5,1,0,5,4,0,1,23,6,6,7,5,5,1,320,10,330
p_24,0,2,e_1,695,915,925,25,4,4,4,4,0,1,15,2,2,13,2,2,1,7,1,0,7,4,0,1,25,4,4,5,5,4,0,220,10,230
p_46,0,4,e_1,594,915,933,23,6,6,1,4,0,1,15,1,0,15,4,0,1,5,1,0,5,4,0,1,23,6,6,7,5,5,1,321,18,339
p_1,0,5,e_1,894,915,938,8,1,0,7,4,0,1,12,2,2,4,5,2,0,19,1,1,3,5,1,0,8,1,0,8,4,0,1,21,23,44
p_42,0,6,e_1,598,915,943,22,5,5,0,3,0,0,14,1,0,14,4,0,1,4,1,0,4,4,0,1,22,5,5,8,2,5,1,317,28,345
p_5,0,8,e_3,883,919,945,11,0,0,11,3,0,0,15,2,2,1,5,2,0,10,1,0,10,4,0,1,21,3,3,1,5,3,0,36,26,62
p_43,0,7,e_1,597,915,948,22,6,6,0,4,0,1,14,1,0,14,4,0,1,4,1,0,4,4,0,1,22,6,6,8,5,5,1,318,33,351
p_44,0,8,e_1,596,915,953,23,6,6,1,4,0,1,15,1,0,15,4,0,1,4,1,0,4,4,0,1,23,6,6,7,5,5,1,319,38,357
p_26,0,8,e_1,684,915,953,27,6,6,8,4,0,1,18,4,4,10,5,3,1,11,1,0,11,4,0,1,27,6,6,3,5,6,0,231,38,269
p_25,0,8,e_1,686,915,953,27,5,5,7,4,0,1,17,4,4,11,5,3,1,10,1,0,10,4,0,1,27,5,5,3,5,5,0,229,38,267
p_3,0,8,e_1,888,915,953,10,1,0,9,4,0,1,14,2,2,2,5,2,0,20,2,2,2,5,2,0,10,1,0,10,4,0,1,27,38,65
p_47,0,9,e_1,593,915,958,23,6,6,2,4,0,1,15,1,1,15,2,1,1,5,1,0,5,4,0,1,23,6,6,7,2,6,1,322,43,365
p_11,0,9,e_1,807,915,958,21,5,5,1,4,0,1,14,0,0,14,3,0,0,20,1,1,0,5,1,0,21,5,5,1,5,5,0,108,43,151
p_27,0,10,e_1,677,915,963,30,6,6,10,4,0,1,20,5,5,8,5,4,1,13,1,0,13,4,0,1,30,6,6,0,5,6,0,238,48,286
p_2,0,11,e_1,892,915,968,9,1,0,7,4,0,1,12,2,2,4,5,2,0,19,1,1,3,5,1,0,9,1,0,9,4,0,1,23,53,76
