p_299,3,0,e_1,7,19,30,3,0,0,0,3,0,0,13,1,1,0,5,0,1,3,0,0,0,3,0,0,3,0,0,0,3,0,0,12,11,23
p_296,1,0,e_3,20,26,31,1,0,0,0,3,0,0,18,2,2,5,5,0,2,2,1,0,3,4,1,0,4,1,1,3,5,0,1,6,5,11
p_298,4,0,e_2,10,25,47,4,0,0,0,3,0,0,11,1,1,1,5,0,1,4,1,0,0,5,0,1,4,0,0,0,3,0,0,15,22,37
p_295,5,0,e_2,22,30,47,5,1,0,3,5,0,1,14,2,2,5,5,0,2,27,1,1,2,4,1,0,5,1,0,0,5,0,1,8,17,25
p_290,4,0,e_3,43,50,82,6,1,1,2,5,0,1,14,4,2,12,5,1,3,14,1,1,4,5,0,1,27,1,1,1,4,1,0,7,32,39
p_291,6,0,e_3,35,58,82,6,0,0,0,3,0,0,15,4,3,9,5,1,3,15,1,1,1,5,0,1,28,1,1,4,4,1,0,23,24,47
p_286,3,0,e_3,51,69,82,5,3,1,4,5,1,2,14,2,1,13,5,1,1,13,1,1,6,5,0,1,10,1,1,1,5,0,1,18,13,31
p_288,1,0,e_3,49,77,82,3,1,1,4,3,0,1,16,2,1,13,2,1,1,15,1,1,6,5,0,1,13,1,1,0,5,0,1,28,5,33
p_292,11,0,e_1,30,66,113,11,0,0,0,3,0,0,11,3,3,8,2,0,3,24,1,1,5,4,1,0,11,0,0,0,3,1,0,36,47,83
p_287,12,0,e_1,51,71,113,8,4,0,6,5,0,1,5,2,1,13,5,1,1,11,1,0,1,5,0,1,8,4,0,4,5,1,3,20,42,62
p_280,12,0,e_1,65,71,113,22,3,3,11,2,0,1,2,3,0,14,4,1,2,7,3,0,5,5,1,2,22,3,3,4,4,1,2,6,42,48
p_276,5,0,e_1,82,94,113,15,1,1,9,4,1,1,4,2,1,9,4,1,1,15,3,1,10,5,1,2,15,1,1,0,5,0,1,12,19,31
p_279,2,0,e_1,76,105,113,29,1,1,11,4,1,0,8,2,1,10,1,1,1,10,2,1,8,5,1,1,29,1,1,1,1,1,0,29,8,37
p_300,8,0,e_0,4,31,115,8,0,0,0,3,0,0,8,0,0,0,3,0,0,8,0,0,0,3,0,0,8,0,0,0,3,0,0,27,84,111
p_297,12,0,e_0,18,45,115,12,0,0,4,5,0,1,15,0,0,3,2,0,0,10,1,0,2,5,0,1,12,0,0,0,3,0,0,27,70,97
p_294,13,0,e_0,23,50,115,13,1,0,6,5,0,2,19,1,1,2,4,1,0,9,2,0,4,5,0,2,13,1,0,0,5,0,1,27,65,92
p_293,15,0,e_0,26,58,115,16,1,1,7,5,0,3,16,1,1,1,4,1,0,11,2,0,4,5,1,1,16,1,1,1,4,1,0,32,57,89
p_284,14,0,e_0,55,63,115,9,4,0,14,5,1,1,6,2,0,8,5,0,2,12,2,0,2,2,0,2,9,4,0,5,5,1,3,8,52,60
p_281,10,0,e_0,63,77,115,25,3,3,14,4,1,1,4,2,2,10,5,0,2,6,3,0,4,5,1,2,25,3,3,5,4,1,2,14,38,52
p_282,6,0,e_0,62,91,115,29,3,3,14,1,1,0,8,2,2,10,5,0,2,10,3,2,4,5,1,2,29,3,3,5,4,1,2,29,24,53
p_274,4,0,e_0,84,99,115,16,1,1,8,4,1,2,4,3,1,8,4,1,2,16,2,1,10,5,1,1,16,1,1,0,5,0,1,15,16,31
p_275,2,0,e_0,84,107,115,18,1,1,8,4,1,1,6,3,1,8,4,1,2,18,2,1,10,5,1,1,18,1,1,0,5,0,1,23,8,31
p_285,2,0,e_2,54,56,150,5,4,1,2,5,0,1,14,2,1,14,5,1,1,15,2,2,7,5,0,2,5,4,1,5,5,1,3,2,94,96
p_289,7,0,e_2,47,73,150,4,2,0,0,3,0,0,11,3,2,12,5,1,2,10,1,1,5,5,0,1,4,2,0,3,5,0,2,26,77,103
p_283,10,0,e_2,55,84,150,5,4,0,2,2,0,1,6,2,1,14,5,1,1,6,2,2,8,5,0,2,5,4,0,5,5,1,3,29,66,95
p_278,15,0,e_2,80,101,150,15,1,1,9,5,1,1,24,2,2,9,4,1,1,24,2,2,9,4,1,1,15,1,1,0,4,1,0,21,49,70
p_273,13,0,e_2,95,109,150,9,1,0,13,5,1,1,22,3,3,5,4,1,2,22,2,2,5,4,1,1,9,1,0,4,5,0,1,14,41,55
p_267,1,0,e_2,153,159,164,8,1,0,0,3,0,0,13,2,2,6,5,0,2,5,1,1,2,5,0,1,8,1,0,9,4,1,0,6,5,11
p_277,10,0,e_3,81,114,182,10,0,0,0,3,1,0,29,2,2,9,4,1,1,29,2,2,9,4,1,1,11,3,1,9,5,1,2,33,68,101
p_272,15,0,e_3,105,131,182,8,1,0,7,5,0,1,17,2,2,2,4,1,1,17,1,1,2,4,1,0,29,2,2,14,4,1,1,26,51,77
p_271,11,0,e_3,127,145,182,5,2,1,14,5,1,1,11,0,0,0,3,0,0,11,0,0,0,3,0,0,26,1,1,7,4,1,0,18,37,55
p_264,5,0,e_3,162,165,182,1,1,0,6,4,1,0,17,3,2,8,5,1,2,15,2,1,4,5,1,1,25,1,1,0,4,1,0,3,17,20
p_258,5,0,e_2,175,182,207,27,1,1,3,5,0,1,13,2,1,12,5,1,1,13,3,2,8,5,1,2,27,1,1,2,4,1,0,7,25,32
p_262,6,0,e_2,164,187,207,29,1,1,0,3,0,0,15,3,2,9,5,1,2,13,2,1,5,5,1,1,29,1,1,5,1,1,0,23,20,43
p_259,6,0,e_2,174,187,207,26,1,1,3,5,0,1,12,2,1,12,5,1,1,12,3,2,8,5,1,2,26,1,1,2,4,1,0,13,20,33
p_252,2,0,e_2,212,221,229,22,2,2,0,3,0,0,5,2,1,7,4,1,1,5,1,0,7,4,1,0,22,2,2,6,5,0,2,9,8,17
p_269,4,0,e_1,146,161,235,7,1,0,0,3,0,0,6,1,1,4,5,0,1,27,1,1,1,4,1,0,7,1,0,11,4,1,0,15,74,89
p_265,12,0,e_1,157,187,235,25,1,1,3,5,0,1,11,3,1,7,5,1,2,11,1,0,1,5,0,1,25,1,1,7,4,1,0,30,48,78
p_263,12,0,e_1,163,187,235,23,2,2,4,5,1,1,9,3,1,9,5,1,2,12,0,0,0,3,1,0,23,2,2,5,4,1,1,24,48,72
p_261,12,0,e_1,170,187,235,22,1,1,7,5,1,1,8,2,1,10,5,1,1,11,1,0,1,5,0,1,22,1,1,4,4,1,0,17,48,65
p_260,13,0,e_1,171,192,235,20,1,1,7,5,1,1,6,2,1,11,5,1,1,11,1,0,2,5,0,1,20,1,1,3,4,1,0,21,43,64
p_255,10,0,e_1,192,203,235,10,1,0,13,4,1,0,3,2,1,13,4,1,1,25,1,1,5,4,1,0,10,1,0,0,5,0,1,11,32,43
p_270,7,0,e_0,133,157,236,8,2,1,0,3,0,0,7,0,0,0,3,0,0,28,1,1,5,4,1,0,8,2,1,15,4,1,1,24,79,103
p_268,10,0,e_0,150,168,236,30,1,1,5,5,0,1,9,1,0,1,5,0,1,10,0,0,0,3,0,0,30,1,1,10,4,1,0,18,68,86
p_266,15,0,e_0,155,185,236,23,1,1,7,5,0,2,13,1,0,2,5,0,1,15,1,0,0,5,0,1,23,1,1,8,4,1,0,30,51,81
p_257,12,0,e_0,179,196,236,19,1,1,13,5,1,1,4,3,1,10,5,1,2,8,2,0,4,5,0,2,19,1,1,1,4,1,0,17,40,57
p_254,3,0,e_0,199,225,236,11,1,1,11,4,1,0,8,2,1,11,4,1,1,29,1,1,2,4,1,0,11,1,1,2,5,0,1,26,11,37
p_251,4,0,e_2,228,243,277,15,2,1,0,3,1,0,28,1,1,2,4,1,0,28,1,1,2,4,1,0,15,2,1,11,5,1,1,15,34,49
p_250,7,0,e_2,236,254,277,9,2,1,2,5,0,1,7,0,0,0,3,0,0,7,0,0,0,3,0,0,9,2,1,14,5,1,1,18,23,41
p_248,7,0,e_2,246,254,277,7,1,0,5,5,1,1,5,1,0,2,5,0,1,7,0,0,0,3,0,0,7,1,0,14,4,1,0,8,23,31
p_256,8,0,e_3,191,218,292,8,0,0,0,3,0,0,5,2,1,13,4,1,1,21,1,0,13,2,1,0,27,1,1,5,4,1,0,27,74,101
p_253,15,0,e_3,208,241,292,10,1,0,5,5,0,1,23,2,2,8,4,1,1,24,1,1,9,4,1,0,15,0,0,0,3,0,0,33,51,84
p_247,12,0,e_3,248,252,292,1,1,0,13,4,1,0,9,1,0,3,5,0,1,12,0,0,0,3,0,0,7,2,0,5,5,1,1,4,40,44
p_244,2,0,e_3,271,284,292,4,1,0,6,4,1,0,12,2,1,10,5,1,1,16,1,1,0,5,0,1,30,1,1,2,4,1,0,13,8,21
p_249,7,0,e_0,238,262,319,9,2,1,0,3,0,0,7,0,0,0,3,0,0,4,2,0,3,5,0,2,9,2,1,14,5,1,1,24,57,81
p_246,12,0,e_0,257,279,319,29,1,1,6,5,0,1,12,0,0,0,3,0,0,24,1,1,6,4,1,0,29,1,1,11,4,1,0,22,40,62
p_243,8,0,e_0,285,293,319,24,1,1,10,4,1,0,5,1,1,5,5,0,1,8,0,0,0,3,0,0,24,1,1,2,4,1,0,8,26,34
p_245,9,0,e_1,269,299,330,28,1,1,0,3,0,0,6,2,1,9,5,1,1,23,1,1,2,4,1,0,28,1,1,7,4,1,0,30,31,61
p_238,2,0,e_1,311,322,330,23,1,1,5,4,1,0,30,1,1,2,4,1,0,19,3,2,7,5,1,2,23,1,1,1,5,0,1,11,8,19
p_233,2,0,e_0,319,328,398,20,3,3,0,3,0,0,1,2,0,3,4,1,1,17,3,2,9,5,1,2,20,3,3,4,5,0,3,9,70,79
p_232,5,0,e_0,320,339,398,17,3,2,0,5,0,1,27,2,2,2,4,1,1,14,3,2,9,5,1,2,17,3,2,4,5,0,3,19,59,78
p_229,9,0,e_0,323,353,398,12,3,1,1,5,0,3,23,1,1,2,4,1,0,9,4,2,10,5,1,3,12,3,1,5,5,1,2,30,45,75
p_218,9,0,e_0,343,353,398,7,3,1,6,5,1,3,12,1,1,3,5,0,1,5,5,1,14,4,1,4,7,3,1,10,5,1,2,10,45,55
p_212,9,0,e_0,348,353,398,5,5,1,8,5,1,4,10,2,1,5,5,0,2,3,6,1,12,4,1,5,5,5,1,12,5,1,4,5,45,50
p_231,10,0,e_0,320,358,398,12,3,1,0,5,0,2,22,2,2,2,4,1,1,9,3,2,9,5,1,2,12,3,1,4,5,0,3,38,40,78
p_210,4,0,e_0,353,378,398,11,5,1,9,5,1,3,13,2,1,7,5,0,2,7,5,2,11,4,1,4,11,5,1,13,5,1,4,25,20,45
p_222,3,0,e_0,339,383,398,14,3,2,5,5,1,2,19,1,1,2,5,0,1,12,4,1,13,5,1,3,14,3,2,9,5,1,2,44,15,59
p_209,2,0,e_0,354,388,398,13,5,1,9,5,1,4,15,2,1,7,5,0,2,9,4,3,11,1,1,3,13,5,1,13,5,1,4,34,10,44
p_199,2,0,e_0,368,388,398,9,4,3,7,4,1,4,12,3,1,12,5,0,3,6,5,3,8,4,1,4,9,4,3,11,4,1,3,20,10,30
p_216,1,0,e_0,346,393,398,14,4,1,7,5,1,3,19,1,1,4,5,0,1,12,5,4,13,4,1,4,14,4,1,11,5,1,3,47,5,52
p_242,4,0,e_2,287,302,402,27,1,1,0,3,0,0,6,2,1,10,4,1,1,9,1,1,5,5,0,1,27,1,1,1,4,1,0,15,100,115
p_236,8,0,e_2,313,316,402,16,2,1,7,5,1,2,24,1,1,2,4,1,0,27,2,2,5,4,1,1,16,2,1,2,5,0,2,3,86,89
p_228,11,0,e_2,325,327,402,10,3,1,11,5,1,3,10,4,0,1,5,0,4,20,1,1,1,4,1,0,10,3,1,5,5,1,2,2,75,77
p_241,13,0,e_2,300,335,402,13,0,0,4,5,0,1,23,1,1,6,4,1,0,26,1,1,9,4,1,0,13,0,0,0,3,0,0,35,67,102
p_224,13,0,e_2,335,337,402,5,3,0,13,5,1,3,9,4,0,4,5,1,3,12,1,0,1,5,0,1,5,3,0,8,5,1,2,2,65,67
p_240,14,0,e_2,301,342,402,14,0,0,4,3,0,1,22,1,1,6,4,1,0,25,1,1,9,4,1,0,14,0,0,0,3,0,0,41,60,101
p_234,14,0,e_2,314,342,402,12,3,0,8,5,1,3,17,1,1,1,4,1,0,20,2,2,4,4,1,1,12,3,0,2,5,0,3,28,60,88
p_213,12,0,e_2,347,350,402,3,5,1,13,4,1,4,5,5,0,7,5,1,4,7,2,0,5,5,0,2,3,5,1,11,5,1,4,3,52,55
p_219,11,0,e_2,342,355,402,5,3,1,14,4,1,3,5,4,0,6,5,1,3,10,1,1,3,5,0,1,5,3,1,10,5,1,2,13,47,60
p_227,9,0,e_2,326,363,402,11,3,1,11,2,1,3,9,4,1,2,5,0,4,22,1,1,1,4,1,0,11,3,1,6,5,1,2,37,39,76
p_204,8,0,e_2,364,368,402,4,4,1,9,4,1,4,30,5,5,8,4,1,4,8,3,2,10,5,0,3,4,4,1,12,4,1,3,4,34,38
p_206,6,0,e_2,362,376,402,7,4,2,9,1,1,3,3,5,0,9,4,1,4,10,3,2,10,5,0,3,7,4,2,13,4,1,3,14,26,40
p_230,5,0,e_2,323,381,402,16,3,2,10,5,1,2,14,3,1,1,5,0,3,27,1,1,2,4,1,0,16,3,2,5,5,1,2,58,21,79
p_196,5,0,e_2,376,381,402,4,3,2,6,4,1,3,29,5,5,4,4,1,4,8,2,0,13,4,1,1,4,3,2,9,4,1,2,5,21,26
p_221,4,0,e_2,341,386,402,12,2,1,14,2,1,2,11,4,2,5,5,1,3,17,1,1,3,5,0,1,12,2,1,10,2,1,1,45,16,61
p_237,5,0,e_3,313,323,414,19,1,1,2,5,0,1,27,1,1,2,4,1,0,30,2,2,5,4,1,1,16,3,2,7,5,1,2,10,91,101
p_235,8,0,e_3,314,334,414,16,2,1,2,5,0,2,23,1,1,1,4,1,0,26,2,2,4,4,1,1,12,4,2,8,5,1,3,20,80,100
p_225,10,0,e_3,333,342,414,8,2,1,8,2,1,1,7,4,0,3,5,1,3,14,1,1,0,5,0,1,5,5,1,13,5,1,4,9,72,81
p_239,13,0,e_3,305,353,414,13,0,0,0,3,0,0,21,1,1,4,4,1,0,24,1,1,7,4,1,0,10,3,1,5,5,1,2,48,61,109
p_223,13,0,e_3,339,353,414,4,3,0,9,5,1,2,8,4,0,5,5,1,3,11,1,0,2,5,0,1,2,4,1,13,5,1,3,14,61,75
p_211,14,0,e_3,348,358,414,2,5,0,12,5,1,4,6,5,0,8,5,1,4,9,2,0,5,5,0,2,28,6,6,12,4,1,5,10,56,66
p_220,9,0,e_3,342,375,414,7,2,1,10,5,1,1,5,4,1,6,5,1,3,12,1,1,3,5,0,1,5,4,0,14,4,1,3,33,39,72
p_198,9,0,e_3,368,375,414,2,4,0,11,4,1,3,28,5,5,7,4,1,4,5,3,1,12,5,0,3,29,5,5,8,4,1,4,7,39,46
p_217,8,0,e_3,345,380,414,7,3,1,11,5,1,2,5,4,2,7,5,1,3,12,1,1,4,5,0,1,5,5,2,13,4,1,4,35,34,69
p_197,8,0,e_3,375,380,414,1,3,0,9,4,1,2,27,5,5,5,4,1,4,5,2,0,13,4,1,1,28,4,4,6,1,1,3,5,34,39
p_191,7,0,e_3,382,385,414,1,3,0,8,4,1,2,26,4,4,3,1,1,3,4,3,1,11,1,1,2,28,3,3,5,4,1,2,3,29,32
p_215,6,0,e_3,346,390,414,9,4,1,11,5,1,3,7,5,2,7,5,1,4,14,2,1,4,5,0,2,7,5,2,13,4,1,4,44,24,68
p_192,5,0,e_3,380,395,414,3,2,1,8,4,1,1,29,5,5,4,4,1,4,7,4,2,12,4,1,3,30,3,3,5,1,1,2,15,19,34
p_185,2,0,e_3,392,406,414,4,2,1,6,4,1,1,29,2,2,1,1,1,1,7,4,3,9,4,1,3,30,3,3,2,4,1,2,14,8,22
p_175,2,0,e_3,399,406,414,2,2,0,4,4,1,1,22,3,3,0,5,0,3,5,5,3,7,4,1,4,29,2,2,1,4,1,1,7,8,15
p_226,12,0,e_1,331,370,432,7,3,1,0,3,0,0,9,4,0,3,5,1,3,4,5,2,12,5,1,4,7,3,1,7,5,1,2,39,62,101
p_207,12,0,e_1,355,370,432,3,5,1,7,5,0,2,3,6,0,9,5,1,5,29,4,4,11,4,1,3,3,5,1,13,5,1,4,15,62,77
p_203,12,0,e_1,365,370,432,30,4,4,11,5,0,3,26,5,5,8,4,1,4,27,6,6,9,4,1,5,30,4,4,12,4,1,3,5,62,67
p_200,12,0,e_1,367,370,432,29,4,4,11,5,0,3,25,5,5,7,4,1,4,26,5,5,8,1,1,4,29,4,4,11,4,1,3,3,62,65
p_208,13,0,e_1,355,375,432,2,5,1,7,5,0,2,4,6,0,9,5,1,5,28,4,4,11,4,1,3,2,5,1,13,5,1,4,20,57,77
p_202,13,0,e_1,365,375,432,29,4,4,11,5,0,3,25,5,5,8,4,1,4,26,6,6,9,4,1,5,29,4,4,12,4,1,3,10,57,67
p_201,13,0,e_1,366,375,432,29,4,4,11,5,0,3,25,5,5,8,4,1,4,25,6,6,8,4,1,5,29,4,4,12,4,1,3,9,57,66
p_194,11,0,e_1,377,383,432,28,3,3,13,4,1,2,23,4,4,4,1,1,3,25,4,4,6,4,1,3,28,3,3,9,4,1,2,6,49,55
p_195,9,0,e_1,376,391,432,30,3,3,13,4,1,1,25,5,5,4,4,1,4,27,4,4,6,4,1,3,30,3,3,9,4,1,2,15,41,56
p_188,8,0,e_1,390,396,432,28,2,2,9,1,1,2,24,3,3,2,4,1,2,25,3,3,3,4,1,2,28,2,2,6,4,1,1,6,36,42
p_189,7,0,e_1,387,401,432,30,3,3,10,4,1,2,25,3,3,2,1,1,2,27,3,3,4,4,1,2,30,3,3,7,4,1,2,14,31,45
p_187,7,0,e_1,391,401,432,29,2,2,9,4,1,3,24,3,3,1,4,1,2,26,3,3,3,4,1,2,29,2,2,6,4,1,1,10,31,41
p_179,6,0,e_1,397,406,432,29,2,2,8,4,1,3,6,2,2,0,3,1,2,25,2,2,1,4,1,1,29,2,2,5,4,1,1,9,26,35
p_176,6,0,e_1,398,406,432,28,2,2,8,4,1,4,18,2,2,0,5,0,2,25,2,2,1,4,1,1,28,2,2,4,4,1,1,8,26,34
p_184,5,0,e_1,393,411,432,30,3,3,9,4,1,3,26,2,2,1,4,1,1,27,3,3,2,4,1,2,30,3,3,5,4,1,2,18,21,39
p_177,9,0,e_0,398,427,490,25,2,2,0,5,0,2,29,5,5,8,4,1,4,22,2,2,1,4,1,1,25,2,2,4,4,1,1,29,63,92
p_173,10,0,e_0,405,432,490,22,1,1,2,5,0,3,26,4,4,6,1,1,3,17,2,1,1,5,0,2,22,1,1,2,1,1,0,27,58,85
p_170,10,0,e_0,408,432,490,22,1,1,3,5,0,4,26,4,4,6,4,1,3,17,2,1,1,5,1,1,22,1,1,2,4,1,0,24,58,82
p_160,10,0,e_0,421,432,490,18,1,1,7,5,0,6,23,3,3,3,4,1,2,13,4,2,5,5,1,3,18,1,1,2,5,0,1,11,58,69
p_181,11,0,e_0,395,437,490,24,2,2,1,4,1,1,27,4,4,8,1,1,3,20,3,3,1,4,1,2,24,2,2,5,4,1,1,42,53,95
p_169,11,0,e_0,410,437,490,20,1,1,4,5,0,4,24,3,3,5,1,1,2,15,2,1,2,5,1,1,20,1,1,1,4,1,0,27,53,80
p_159,11,0,e_0,424,437,490,16,1,1,8,5,0,6,21,4,4,2,4,1,3,11,4,2,6,5,1,3,16,1,1,3,5,0,1,13,53,66
p_193,12,0,e_0,378,442,490,26,3,3,4,4,1,3,30,4,4,12,4,1,3,24,4,4,6,4,1,3,26,3,3,8,4,1,2,64,48,112
p_183,12,0,e_0,393,442,490,23,3,3,1,4,1,1,27,5,5,9,4,1,4,20,3,3,2,4,1,2,23,3,3,5,4,1,2,49,48,97
p_164,12,0,e_0,416,442,490,18,1,1,6,5,0,5,22,3,3,4,4,1,2,12,3,1,4,5,1,2,18,1,1,0,5,0,1,26,48,74
p_157,12,0,e_0,427,442,490,14,1,1,9,5,1,5,19,4,4,1,4,1,3,9,3,2,7,5,1,2,14,1,1,4,5,0,1,15,48,63
p_152,10,0,e_0,439,450,490,12,1,1,11,5,1,4,8,4,0,2,5,0,4,7,4,2,11,5,1,3,12,1,1,8,5,0,1,11,40,51
p_153,8,0,e_0,438,458,490,14,1,1,11,5,1,3,6,4,0,2,5,0,4,10,4,2,10,5,1,3,14,1,1,8,5,0,1,20,32,52
p_138,7,0,e_0,456,463,490,9,4,1,8,4,1,3,1,5,0,6,5,1,4,6,2,0,13,4,1,1,9,4,1,14,5,0,4,7,27,34
p_166,5,0,e_0,415,471,490,25,1,1,5,5,0,4,29,3,3,4,1,1,2,20,3,2,3,5,1,2,25,1,1,0,5,0,1,56,19,75
p_174,3,0,e_1,402,443,490,30,2,2,7,4,1,3,20,3,3,1,5,0,3,25,2,1,0,5,0,2,30,2,2,3,4,1,1,41,47,88
p_171,3,0,e_1,408,443,490,29,1,1,6,4,1,3,18,4,4,3,5,0,4,24,2,1,1,5,1,1,29,1,1,2,4,1,0,35,47,82
p_155,3,0,e_1,434,443,490,21,1,1,0,5,0,3,11,5,2,10,5,1,4,16,4,2,9,5,1,3,21,1,1,6,5,0,1,9,47,56
p_214,4,0,e_1,346,448,490,11,4,1,4,5,0,1,9,5,2,7,5,1,4,9,5,3,13,4,1,4,11,4,1,11,5,1,3,102,42,144
p_182,5,0,e_1,394,453,490,30,2,2,8,4,1,4,26,2,2,1,4,1,1,27,3,3,2,4,1,2,30,2,2,5,1,1,1,59,37,96
p_178,5,0,e_1,398,453,490,29,2,2,8,4,1,4,19,2,2,0,5,0,2,26,2,2,1,4,1,1,29,2,2,4,4,1,1,55,37,92
p_154,7,0,e_1,438,461,490,15,1,1,2,5,0,3,6,4,1,11,5,1,3,11,4,2,10,5,1,3,15,1,1,8,5,0,1,23,29,52
p_147,7,0,e_1,450,461,490,11,1,1,4,5,1,3,3,4,1,10,4,1,3,7,3,0,14,5,1,2,11,1,1,12,5,0,1,11,29,40
p_144,4,0,e_1,451,472,490,14,1,1,5,5,1,4,6,4,2,10,4,1,3,16,2,0,14,2,1,1,14,1,1,12,5,0,1,21,18,39
p_150,3,0,e_1,444,477,490,17,1,1,3,5,1,3,9,5,4,12,4,1,4,13,4,2,12,5,1,3,17,1,1,10,5,0,1,33,13,46
p_148,3,0,e_1,447,477,490,16,1,1,4,3,1,3,8,5,4,11,4,1,4,12,3,1,13,5,1,2,16,1,1,11,5,0,1,30,13,43
p_143,2,0,e_1,451,482,490,16,1,1,5,5,1,3,8,4,3,10,4,1,3,14,2,0,14,2,1,1,16,1,1,12,5,0,1,31,8,39
p_136,2,0,e_1,460,482,490,13,3,0,7,2,1,3,6,4,3,8,4,1,3,10,2,0,12,4,1,1,13,3,0,15,2,0,3,22,8,30
p_205,1,0,e_2,362,407,506,12,4,3,9,1,1,2,8,5,3,9,4,1,4,15,3,2,10,5,0,3,12,4,3,13,4,1,3,45,99,144
p_186,1,0,e_2,391,407,506,5,2,1,3,4,1,2,30,3,3,1,4,1,2,8,4,3,9,4,1,3,5,2,1,6,4,1,1,16,99,115
p_167,7,0,e_2,412,427,506,23,1,1,2,5,1,1,13,4,4,4,5,0,4,28,3,3,5,4,1,2,23,1,1,0,4,1,0,15,79,94
p_161,13,0,e_2,418,447,506,16,1,1,4,5,1,2,7,6,0,6,5,0,6,21,3,3,4,4,1,2,16,1,1,1,5,0,1,29,59,88
p_190,14,0,e_2,382,452,506,24,4,4,5,4,1,2,19,4,4,3,1,1,3,27,3,3,11,1,1,2,24,4,4,8,4,1,3,70,54,124
p_180,14,0,e_2,396,452,506,21,2,2,1,1,1,1,16,3,3,0,4,1,2,24,4,4,8,4,1,3,21,2,2,5,4,1,1,56,54,110
p_172,14,0,e_2,405,452,506,18,1,1,1,5,0,2,12,4,0,2,5,0,4,22,4,4,6,1,1,3,18,1,1,2,1,1,0,47,54,101
p_165,14,0,e_2,416,452,506,16,1,1,4,5,1,2,8,5,0,6,5,0,5,20,3,3,4,4,1,2,16,1,1,0,5,0,1,36,54,90
p_162,14,0,e_2,417,452,506,15,1,1,4,5,1,2,8,6,0,6,5,0,6,20,3,3,4,4,1,2,15,1,1,1,5,0,1,35,54,89
p_158,14,0,e_2,426,452,506,12,1,1,7,2,1,2,5,5,0,9,2,0,5,18,4,4,2,4,1,3,12,1,1,4,5,0,1,26,54,80
p_135,7,0,e_2,461,475,506,8,4,3,11,4,1,1,30,4,4,7,4,1,3,30,4,4,7,4,1,3,8,4,3,15,4,1,3,14,31,45
p_132,7,0,e_2,463,475,506,8,4,3,11,4,1,2,30,3,3,7,4,1,2,30,4,4,7,4,1,3,8,4,3,15,4,1,3,12,31,43
p_126,6,0,e_2,473,480,506,6,3,2,7,4,1,3,29,2,2,5,4,1,1,28,3,3,4,4,1,2,6,3,2,12,1,1,2,7,26,33
p_129,5,0,e_2,470,485,506,8,4,3,8,4,1,2,30,2,2,5,1,1,1,29,4,4,4,4,1,3,8,4,3,13,4,1,3,15,21,36
p_122,5,0,e_2,477,485,506,6,3,2,7,4,1,4,29,3,3,4,4,1,2,28,3,3,3,4,1,2,6,3,2,11,4,1,2,8,21,29
p_168,15,0,e_3,412,461,524,15,1,1,0,4,1,0,11,4,0,4,5,0,4,20,3,3,5,4,1,2,13,3,0,2,5,1,2,49,63,112
p_151,15,0,e_3,443,461,524,6,1,0,9,5,0,1,27,5,5,12,4,1,4,12,4,0,3,5,1,3,3,4,0,12,5,1,3,18,63,81
p_149,15,0,e_3,444,461,524,5,1,0,10,5,0,1,27,5,5,12,4,1,4,12,5,0,3,5,1,4,3,4,0,12,5,1,3,17,63,80
p_142,15,0,e_3,452,461,524,3,3,0,12,5,0,3,25,4,4,10,4,1,3,10,5,0,5,2,1,4,29,2,2,14,4,1,1,9,63,72
p_141,15,0,e_3,455,461,524,2,4,0,13,5,0,4,24,4,4,9,4,1,3,10,5,0,5,5,1,4,28,2,2,13,4,1,1,6,63,69
p_140,13,0,e_3,455,469,524,4,3,1,13,5,0,3,26,4,4,9,4,1,3,8,5,0,5,5,1,4,30,2,2,13,4,1,1,14,55,69
p_139,13,0,e_3,456,469,524,3,4,1,14,5,0,4,25,5,5,8,4,1,4,7,5,0,6,5,1,4,30,2,2,13,4,1,1,13,55,68
p_137,13,0,e_3,458,469,524,3,4,1,14,5,0,4,25,4,4,8,4,1,3,7,5,0,6,5,1,4,29,2,2,12,4,1,1,11,55,66
p_145,12,0,e_3,451,474,524,6,2,1,12,5,0,2,28,4,4,10,4,1,3,7,6,0,5,5,1,5,24,2,0,14,2,1,1,23,50,73
p_134,12,0,e_3,462,474,524,3,4,1,15,4,1,3,25,3,3,7,1,1,2,25,4,4,7,4,1,3,29,3,3,11,4,1,2,12,50,62
p_146,10,0,e_3,451,482,524,8,1,1,12,5,0,1,30,4,4,10,4,1,3,5,6,0,5,5,1,5,22,2,0,14,2,1,1,31,42,73
p_128,10,0,e_3,471,482,524,3,4,1,13,4,1,3,25,2,2,5,4,1,1,24,3,3,4,1,1,2,28,4,4,8,4,1,3,11,42,53
p_131,9,0,e_3,467,487,524,4,4,2,13,4,1,3,27,3,3,6,4,1,2,26,4,4,5,4,1,3,30,3,3,9,4,1,2,20,37,57
p_130,9,0,e_3,469,487,524,4,4,2,13,4,1,3,26,3,3,5,4,1,2,26,4,4,5,4,1,3,30,3,3,9,4,1,2,18,37,55
p_121,9,0,e_3,480,487,524,1,3,0,10,4,1,2,24,4,4,3,4,1,3,23,3,3,2,4,1,2,27,4,4,6,4,1,3,7,37,44
p_163,4,0,e_0,417,504,600,25,1,1,6,5,0,5,30,3,3,4,4,1,2,20,3,2,4,5,1,2,25,1,1,1,5,0,1,87,96,183
p_133,4,0,e_0,463,504,600,11,4,3,7,4,1,2,3,4,0,7,4,1,3,7,3,1,11,4,1,2,11,4,3,15,4,1,3,41,96,137
p_123,12,0,e_0,474,530,600,30,3,3,4,4,1,2,22,3,3,4,4,1,2,25,5,5,7,1,1,4,30,3,3,12,4,1,2,56,70,126
p_127,15,0,e_0,473,541,600,27,3,3,5,4,1,1,19,3,3,4,4,1,2,22,5,5,7,4,1,4,27,3,3,12,1,1,2,68,59,127
p_112,15,0,e_0,497,541,600,22,3,3,2,5,0,3,13,5,0,2,5,0,5,17,3,3,2,4,1,2,22,3,3,7,4,1,2,44,59,103
p_111,15,0,e_0,501,541,600,20,5,5,3,5,0,3,12,5,0,3,5,0,5,16,2,2,1,4,1,1,20,5,5,5,4,1,4,40,59,99
p_87,15,0,e_0,539,541,600,11,5,5,15,5,1,6,2,6,0,13,5,1,5,6,4,0,9,5,1,3,11,5,5,4,3,1,4,2,59,61
p_93,7,0,e_0,529,567,600,12,6,1,12,2,1,5,10,6,3,11,5,1,5,15,5,2,6,5,1,4,12,6,1,1,5,1,5,38,33,71
p_76,7,0,e_0,559,567,600,5,5,1,9,4,1,5,2,6,0,9,4,1,5,7,4,0,14,4,1,3,5,5,1,8,5,1,4,8,33,41
p_94,6,0,e_0,528,572,600,13,5,2,12,5,1,5,11,6,3,11,2,1,5,16,5,3,6,5,1,4,13,5,2,1,2,0,5,44,28,72
p_86,6,0,e_0,541,572,600,10,5,2,15,4,1,5,9,6,1,13,5,1,5,13,4,2,9,5,1,3,10,5,2,4,5,1,4,31,28,59
p_80,6,0,e_0,548,572,600,8,6,2,13,4,1,5,7,6,1,13,4,1,5,10,5,1,12,5,1,4,8,6,2,6,5,1,5,24,28,52
p_73,6,0,e_0,568,572,600,12,6,2,7,4,1,4,1,5,0,7,4,1,4,5,4,0,11,4,1,3,12,6,2,10,5,1,5,4,28,32
p_108,5,0,e_0,509,577,600,29,4,4,5,5,1,2,17,5,5,6,5,0,5,22,3,1,1,5,0,3,29,4,4,4,4,1,3,68,23,91
p_106,4,0,e_0,512,582,600,29,5,5,6,5,1,3,17,5,5,7,5,0,5,23,3,1,1,5,1,2,29,5,5,3,4,1,4,70,18,88
p_114,9,0,e_1,494,519,600,28,3,3,1,5,0,3,20,3,2,1,5,0,3,24,3,3,3,4,1,2,28,3,3,7,1,1,2,25,81,106
p_120,10,0,e_1,481,524,600,30,2,2,2,1,1,1,23,4,4,3,4,1,3,26,4,4,6,4,1,3,30,2,2,10,1,1,1,43,76,119
p_115,10,0,e_1,494,524,600,27,3,3,1,5,0,4,19,3,2,1,5,0,3,23,3,3,3,4,1,2,27,3,3,7,1,1,2,30,76,106
p_100,10,0,e_1,522,524,600,20,5,5,10,5,1,5,10,6,2,10,5,1,5,14,5,2,4,5,1,4,20,5,5,0,4,1,4,2,76,78
p_113,11,0,e_1,496,529,600,26,3,3,2,5,0,4,17,3,2,2,5,0,3,21,3,3,2,4,1,2,26,3,3,7,4,1,2,33,71,104
p_117,12,0,e_1,490,534,600,26,4,4,0,5,0,2,18,3,1,0,5,0,3,22,2,2,4,4,1,1,26,4,4,8,4,1,3,44,66,110
p_103,13,0,e_1,517,539,600,18,5,5,9,5,0,5,9,5,1,8,5,1,4,12,4,1,3,5,1,3,18,5,5,1,4,1,4,22,61,83
p_92,13,0,e_1,533,539,600,11,6,0,12,2,1,4,4,7,1,13,5,1,6,8,4,1,7,5,1,3,11,6,0,2,5,1,5,6,61,67
p_91,13,0,e_1,535,539,600,10,6,0,12,5,1,4,4,7,1,13,5,1,6,8,4,1,7,5,1,3,10,6,0,3,5,1,5,4,61,65
p_124,14,0,e_1,474,544,600,28,3,3,4,4,1,2,20,4,4,4,4,1,3,23,5,5,7,1,1,4,28,3,3,12,4,1,2,70,56,126
p_88,14,0,e_1,538,544,600,10,6,0,13,2,1,5,2,7,1,14,5,1,6,6,4,0,8,5,1,3,10,6,0,4,5,1,5,6,56,62
p_89,7,0,e_1,537,567,600,10,6,1,13,5,1,5,9,7,1,14,5,1,6,13,4,2,8,5,1,3,10,6,1,3,5,1,5,30,33,63
p_95,6,0,e_1,527,572,600,13,6,2,11,5,1,5,13,6,2,11,5,1,5,17,5,3,5,5,1,4,13,6,2,1,5,0,6,45,28,73
p_96,5,0,e_1,527,577,600,14,6,3,11,5,1,4,14,6,2,11,5,1,5,18,5,3,5,5,1,4,14,6,3,1,5,0,6,50,23,73
p_85,3,0,e_1,542,585,600,13,5,4,14,5,1,5,12,6,4,15,4,1,5,15,4,2,10,5,1,3,13,5,4,4,5,1,4,43,15,58
p_156,1,0,e_2,428,511,612,25,1,1,7,5,1,2,14,6,3,9,5,1,5,30,4,4,1,4,1,3,25,1,1,4,5,0,1,83,101,184
p_125,4,0,e_2,474,522,612,8,3,2,7,1,1,3,30,3,3,4,4,1,2,30,3,3,4,4,1,2,8,3,2,12,4,1,2,48,90,138
p_105,4,0,e_2,515,522,612,28,5,5,2,5,1,2,19,5,2,7,5,1,4,16,5,5,8,5,0,5,28,5,5,2,4,1,4,7,90,97
p_104,7,0,e_2,516,533,612,25,5,5,2,5,1,2,15,5,2,8,5,1,4,13,5,5,8,5,0,5,25,5,5,2,4,1,4,17,79,96
p_101,12,0,e_2,521,550,612,19,4,4,4,3,1,3,9,5,1,9,5,1,4,7,6,2,9,5,1,5,19,4,4,1,4,1,3,29,62,91
p_109,14,0,e_2,506,558,612,20,5,5,0,5,0,2,12,3,1,4,5,1,2,9,5,0,5,5,0,5,20,5,5,4,4,1,4,52,54,106
p_79,14,0,e_2,549,558,612,8,5,0,12,2,1,3,29,6,6,13,4,1,5,29,6,6,13,4,1,5,8,5,0,6,2,1,4,9,54,63
p_67,8,0,e_2,574,578,612,10,7,2,9,4,1,3,28,5,5,6,4,1,4,28,4,4,6,4,1,3,10,7,2,12,5,1,6,4,34,38
p_77,6,0,e_2,557,586,612,7,5,1,14,2,1,2,4,6,1,10,4,1,5,4,6,1,10,4,1,5,7,5,1,7,5,1,4,29,26,55
p_83,5,0,e_2,546,591,612,10,5,3,11,5,1,3,9,6,2,14,4,1,5,9,6,2,14,4,1,5,10,5,3,5,5,1,4,45,21,66
p_62,5,0,e_2,582,591,612,11,8,1,7,4,1,3,29,3,3,4,4,1,2,29,4,4,4,4,1,3,11,8,1,14,5,1,7,9,21,30
p_61,5,0,e_2,583,591,612,11,8,1,7,4,1,3,29,3,3,4,4,1,2,28,4,4,3,4,1,3,11,8,1,14,5,1,7,8,21,29
p_55,4,0,e_2,590,596,612,10,9,5,5,1,1,1,28,2,2,2,4,1,1,28,3,3,2,4,1,2,10,9,5,14,4,1,8,6,16,22
p_102,2,0,e_2,521,604,612,29,4,4,4,3,1,2,19,5,2,9,5,1,4,17,6,5,9,5,1,5,29,4,4,1,4,1,3,83,8,91
p_56,2,0,e_2,588,604,612,13,9,7,6,4,1,2,30,3,3,2,4,1,2,30,3,3,2,4,1,2,13,9,7,15,4,1,8,16,8,24
p_110,1,0,e_3,501,529,654,4,4,1,5,4,1,3,26,3,3,3,5,0,3,24,5,5,3,5,0,5,30,2,2,1,4,1,1,28,125,153
p_107,1,0,e_3,512,529,654,2,5,0,3,4,1,4,23,4,2,6,5,1,3,20,5,5,7,5,0,5,26,3,2,1,5,1,2,17,125,142
p_118,4,0,e_3,488,540,654,5,2,1,9,4,1,1,26,4,4,0,4,1,3,26,3,3,0,4,1,2,30,3,3,4,4,1,2,52,114,166
p_119,5,0,e_3,483,545,654,5,2,1,10,4,1,1,27,4,4,2,4,1,3,27,3,3,2,4,1,2,30,4,4,5,4,1,3,62,109,171
p_98,6,0,e_3,524,550,654,8,4,1,0,5,0,4,14,6,2,10,5,1,5,12,5,4,10,5,1,4,18,5,3,4,5,1,4,26,104,130
p_116,7,0,e_3,490,555,654,1,3,0,8,4,1,2,23,3,2,0,5,0,3,21,2,2,0,5,0,2,27,2,2,4,4,1,1,65,99,164
p_97,10,0,e_3,526,566,654,10,5,0,0,5,0,5,9,6,2,11,5,1,5,8,5,4,10,5,1,4,13,5,2,5,5,1,4,40,88,128
p_74,11,0,e_3,567,571,654,7,5,1,10,5,1,4,26,5,5,7,4,1,4,26,5,5,7,4,1,4,30,4,4,11,4,1,3,4,83,87
p_75,14,0,e_3,563,582,654,5,5,0,9,5,1,4,24,6,6,8,4,1,5,24,6,6,8,4,1,5,29,4,4,13,4,1,3,19,72,91
p_68,14,0,e_3,574,582,654,4,7,1,12,5,1,6,22,5,5,6,4,1,4,22,4,4,6,4,1,3,25,5,5,9,4,1,4,8,72,80
p_72,15,0,e_3,569,587,654,4,6,0,11,5,1,5,22,6,6,7,4,1,5,22,5,5,7,4,1,4,26,4,4,11,4,1,3,18,67,85
p_66,12,0,e_3,577,598,654,5,7,2,13,5,1,6,23,4,4,5,4,1,3,23,3,3,5,4,1,2,26,4,4,8,1,1,3,21,56,77
p_65,12,0,e_3,578,598,654,5,8,2,13,5,1,7,23,4,4,5,4,1,3,23,3,3,5,4,1,2,26,4,4,8,4,1,3,20,56,76
p_52,11,0,e_3,591,603,654,3,9,1,14,4,1,8,21,2,2,2,4,1,1,21,3,3,2,4,1,2,24,3,3,5,4,1,2,12,51,63
p_69,10,0,e_3,573,608,654,9,6,2,11,5,1,5,26,5,5,6,4,1,4,26,4,4,6,4,1,3,29,4,4,9,4,1,3,35,46,81
p_64,1,0,e_1,579,605,688,16,8,2,5,4,1,2,4,4,2,5,4,1,3,7,4,3,8,4,1,3,16,8,2,13,5,1,7,26,83,109
p_90,2,0,e_1,536,610,688,15,6,5,12,5,1,4,14,7,1,14,5,1,6,18,4,2,8,5,1,3,15,6,5,3,5,1,5,74,78,152
p_82,3,0,e_1,547,615,688,12,6,3,13,4,1,5,10,6,4,13,4,1,5,14,5,2,11,5,1,4,12,6,3,5,5,1,5,68,73,141
p_70,3,0,e_1,572,615,688,16,6,2,6,4,1,3,3,5,2,6,4,1,4,7,4,2,10,4,1,3,16,6,2,11,5,1,5,43,73,116
p_43,3,0,e_1,599,615,688,9,10,7,0,3,1,3,3,4,4,0,3,1,4,30,3,3,3,4,1,2,9,10,7,12,4,1,9,16,73,89
p_42,4,0,e_1,600,620,688,8,10,6,0,5,0,3,22,4,2,0,5,0,4,29,3,3,3,4,1,2,8,10,6,12,4,1,9,20,68,88
p_40,4,0,e_1,601,620,688,7,10,5,0,5,0,5,22,4,2,0,5,0,4,29,3,3,3,4,1,2,7,10,5,11,4,1,9,19,68,87
p_41,10,0,e_1,600,640,688,2,10,1,0,5,0,4,16,4,1,0,5,0,4,23,3,3,3,4,1,2,2,10,1,12,4,1,9,40,48,88
p_36,11,0,e_1,635,645,688,23,8,8,9,5,1,3,10,3,2,9,5,1,2,12,2,1,7,5,1,1,23,8,8,4,1,1,7,10,43,53
p_33,8,0,e_1,647,656,688,24,8,8,11,4,1,2,9,2,1,13,5,1,1,11,2,1,11,5,1,1,24,8,8,2,4,1,7,9,32,41
p_37,7,0,e_1,633,661,688,28,8,8,8,5,1,2,14,3,2,9,5,1,2,17,2,1,6,5,1,1,28,8,8,5,4,1,7,28,27,55
p_32,5,0,e_1,657,669,688,14,8,4,8,4,1,2,10,1,0,15,4,1,0,11,2,1,14,5,1,1,14,8,4,1,5,0,8,12,19,31
p_31,5,0,e_1,662,669,688,13,8,4,7,4,1,2,8,1,0,13,4,1,0,10,1,0,15,4,1,0,13,8,4,2,5,1,7,7,19,26
p_38,4,0,e_1,627,674,688,2,8,1,6,5,1,1,19,3,2,7,5,1,2,22,2,1,4,5,1,1,2,8,1,6,4,1,7,47,14,61
p_35,4,0,e_1,640,674,688,29,8,8,10,5,1,3,15,3,2,11,5,1,2,18,2,1,8,5,1,1,29,8,8,3,1,1,7,34,14,48
p_99,1,0,e_0,522,605,706,29,5,5,10,5,1,4,17,6,4,10,5,1,5,23,5,3,4,5,1,4,29,5,5,0,4,1,4,83,101,184
p_51,1,0,e_0,591,605,706,13,9,8,2,4,1,1,1,3,0,2,4,1,2,4,3,2,5,4,1,2,13,9,8,14,4,1,8,14,101,115
p_71,2,0,e_0,569,610,706,15,6,1,7,4,1,4,5,5,3,7,4,1,4,9,4,2,11,4,1,3,15,6,1,11,5,1,5,41,96,137
p_49,5,0,e_0,592,621,706,9,10,6,2,4,1,1,27,3,3,2,4,1,2,30,3,3,5,4,1,2,9,10,6,14,4,1,9,29,85,114
p_46,13,0,e_0,596,647,706,29,10,10,1,4,1,2,18,3,3,1,4,1,2,21,2,2,4,4,1,1,29,10,10,12,4,1,9,51,59,110
p_39,15,0,e_0,609,655,706,25,8,8,2,2,1,2,13,4,0,2,2,1,3,16,3,3,1,4,1,2,25,8,8,10,4,1,7,46,51,97
p_34,15,0,e_0,643,655,706,18,8,8,12,5,1,2,4,4,0,11,5,1,3,6,2,0,9,5,1,1,18,8,8,3,4,1,7,12,51,63
p_28,6,0,e_0,679,684,706,19,6,4,7,4,1,1,27,1,1,3,4,1,0,3,1,0,9,4,1,0,19,6,4,5,5,1,5,5,22,27
p_30,5,0,e_0,676,689,706,10,5,4,8,4,1,0,29,1,1,4,4,1,0,5,1,0,10,4,1,0,10,5,4,5,2,1,4,13,17,30
p_48,2,0,e_2,593,620,708,11,10,8,5,4,1,2,29,4,4,1,4,1,3,29,4,4,1,4,1,3,11,10,8,13,4,1,9,27,88,115
p_44,15,0,e_2,598,661,708,27,10,10,4,4,1,1,15,5,5,0,4,1,4,15,4,4,0,4,1,3,27,10,10,12,4,1,9,63,47,110
p_24,5,0,e_0,707,725,742,13,2,1,0,3,0,0,6,2,1,3,5,1,1,5,0,0,0,3,1,0,13,2,1,12,5,1,1,18,17,35
p_23,5,0,e_2,709,727,744,12,2,1,0,3,0,0,5,1,0,0,5,0,1,6,2,1,3,5,1,1,12,2,1,13,5,1,1,18,17,35
p_27,2,0,e_1,693,702,764,19,4,2,0,3,0,0,2,1,0,4,4,1,0,3,1,0,5,4,1,0,19,4,2,9,5,1,3,9,62,71
p_26,3,0,e_1,698,707,764,17,3,1,1,5,0,1,29,1,1,2,4,1,0,30,1,1,3,4,1,0,17,3,1,10,5,1,2,9,57,66
p_25,7,0,e_1,703,721,764,12,2,1,2,5,1,1,24,1,1,1,4,1,0,24,1,1,1,4,1,0,12,2,1,11,5,1,1,18,43,61
p_22,10,0,e_1,712,732,764,6,2,1,4,5,1,1,9,1,0,1,5,0,1,10,1,0,0,5,0,1,6,2,1,14,5,1,1,20,32,52
p_81,2,0,e_3,547,662,764,13,5,3,5,5,1,4,11,6,4,13,4,1,5,11,6,4,13,4,1,5,15,5,2,11,5,1,4,115,102,217
p_84,3,0,e_3,546,667,764,12,4,3,5,5,1,3,11,6,4,14,4,1,5,11,6,3,14,4,1,5,14,4,2,11,5,1,3,121,97,218
p_78,4,0,e_3,555,672,764,9,4,1,7,5,1,3,7,6,3,11,4,1,5,7,6,3,11,4,1,5,11,4,1,13,5,1,3,117,92,209
p_45,5,0,e_3,597,677,764,7,9,5,12,1,1,8,26,4,4,1,4,1,3,26,3,3,1,4,1,2,29,2,2,4,4,1,1,80,87,167
p_59,6,0,e_3,584,682,764,10,8,1,14,5,1,7,28,3,3,4,4,1,2,27,3,3,3,1,1,2,30,4,4,6,4,1,3,98,82,180
p_57,6,0,e_3,587,682,764,9,9,4,15,4,1,8,27,3,3,3,4,1,2,27,3,3,3,4,1,2,30,3,3,6,4,1,2,95,82,177
p_54,6,0,e_3,590,682,764,8,9,4,14,4,1,8,26,2,2,2,4,1,1,26,3,3,2,4,1,2,29,3,3,5,1,1,2,92,82,174
p_47,6,0,e_3,594,682,764,7,10,5,13,4,1,9,25,3,3,1,1,1,2,25,3,3,1,1,1,2,28,3,3,4,4,1,2,88,82,170
p_63,8,0,e_3,581,690,764,8,7,1,14,2,1,6,26,3,3,4,1,1,2,26,4,4,4,4,1,3,29,4,4,7,4,1,3,109,74,183
p_60,9,0,e_3,584,695,764,7,9,1,14,5,1,8,25,3,3,4,4,1,2,24,3,3,3,1,1,2,27,4,4,6,4,1,3,111,69,180
p_53,9,0,e_3,590,695,764,5,9,2,14,4,1,8,23,2,2,2,4,1,1,23,3,3,2,4,1,2,26,3,3,5,1,1,2,105,69,174
p_58,10,0,e_3,586,700,764,5,9,0,15,2,1,8,23,3,3,3,4,1,2,23,3,3,3,4,1,2,26,3,3,6,4,1,2,114,64,178
p_50,10,0,e_3,592,700,764,4,10,2,14,4,1,9,22,3,3,2,4,1,2,22,3,3,2,4,1,2,25,3,3,5,4,1,2,108,64,172
p_29,15,0,e_3,678,717,764,10,5,0,5,5,1,4,23,2,2,8,4,1,1,18,1,1,3,4,1,0,25,1,1,10,4,1,0,39,47,86
p_18,2,0,e_1,768,777,785,2,0,0,0,3,0,0,14,2,2,8,5,0,2,8,1,1,8,5,0,1,2,0,0,0,3,0,0,9,8,17
p_20,9,0,e_2,737,773,802,30,1,1,2,4,1,0,22,2,2,1,4,1,1,30,1,1,9,4,1,0,30,1,1,9,4,1,0,36,29,65
p_21,10,0,e_0,732,774,844,30,1,1,3,4,1,0,30,1,1,10,4,1,0,24,1,1,4,4,1,0,30,1,1,10,4,1,0,42,70,112
p_19,12,0,e_0,740,782,844,26,1,1,0,4,1,1,26,1,1,8,4,1,0,19,2,2,1,4,1,1,26,1,1,8,4,1,0,42,62,104
p_17,15,0,e_0,772,793,844,15,0,0,10,5,0,2,14,1,0,1,5,0,1,24,0,0,9,2,0,0,15,0,0,0,3,0,0,21,51,72
p_15,15,0,e_0,782,793,844,13,1,0,12,5,1,1,16,1,1,1,4,1,0,21,1,1,6,4,1,0,13,1,0,2,5,0,1,11,51,62
p_14,15,0,e_0,790,793,844,10,1,0,14,5,1,1,15,0,0,0,3,0,0,19,1,1,4,4,1,0,10,1,0,5,5,0,1,3,51,54
p_12,13,0,e_0,796,801,844,6,1,0,14,4,1,1,13,0,0,0,3,0,0,19,1,1,2,4,1,0,6,1,0,7,5,0,1,5,43,48
p_13,11,0,e_0,794,809,844,9,1,1,15,4,1,0,11,0,0,0,3,0,0,21,1,1,2,4,1,0,9,1,1,6,5,0,1,15,35,50
p_8,1,0,e_1,847,853,858,5,1,0,0,3,0,0,3,1,1,0,5,0,1,1,0,0,0,3,0,0,5,1,0,6,4,1,0,6,5,11
p_9,2,0,e_0,845,854,862,5,1,0,0,3,0,0,2,0,0,0,3,0,0,2,0,0,0,3,0,0,5,1,0,7,4,1,0,9,8,17
p_16,13,0,e_3,774,816,867,13,0,0,0,3,0,0,7,3,1,10,5,1,2,12,1,0,1,5,0,1,26,1,1,9,4,1,0,42,51,93
p_10,14,0,e_3,810,821,867,3,2,0,11,5,0,2,27,1,1,11,4,1,0,14,0,0,0,3,0,0,14,0,0,0,3,0,0,11,46,57
p_11,11,0,e_3,810,832,867,4,1,1,11,5,0,1,30,1,1,11,4,1,0,11,0,0,0,3,0,0,11,0,0,0,3,0,0,22,35,57
p_4,1,0,e_0,864,870,875,30,1,1,0,3,0,0,8,1,1,1,5,0,1,23,2,2,4,5,0,2,30,1,1,1,4,1,0,6,5,11
p_3,1,0,e_0,876,882,887,1,0,0,0,3,0,0,4,1,0,5,5,0,1,19,2,2,8,5,0,2,1,0,0,0,3,0,0,6,5,11
p_5,5,0,e_1,860,878,895,27,1,1,0,3,0,0,25,1,1,0,4,1,0,21,2,2,2,5,0,2,27,1,1,2,4,1,0,18,17,35
p_2,3,0,e_3,878,890,901,3,0,0,0,3,0,0,3,1,0,0,5,0,1,2,1,0,5,4,1,0,17,2,2,8,5,0,2,12,11,23
p_1,2,0,e_0,889,898,906,5,0,0,0,3,0,0,30,1,1,2,4,1,0,14,1,1,12,2,0,1,5,0,0,3,2,0,0,9,8,17
p_7,12,0,e_2,851,890,942,23,1,1,0,3,0,0,11,1,0,1,5,0,1,11,1,0,1,5,0,1,23,1,1,5,4,1,0,39,52,91
p_6,14,0,e_2,858,898,942,19,1,1,2,5,0,1,17,1,1,1,4,1,0,14,0,0,0,3,0,0,19,1,1,3,4,1,0,40,44,84
