,id,from,to,car,incoming_time,boarding_time,attended_time,dist_d,n_call,n_floor,car_position_call,car_direction_call,car_queue_buttons,car_queue_floor,dist_d_deny1,n_call_deny1,n_floor_deny1,car_position_deny1,car_direction_deny1,car_queue_buttons_deny1,car_queue_floor_deny1,dist_d_deny2,n_call_deny2,n_floor_deny2,car_position_deny2,car_direction_deny2,car_queue_buttons_deny2,car_queue_floor_deny2,dist_d_deny3,n_call_deny3,n_floor_deny3,car_position_deny3,car_direction_deny3,car_queue_buttons_deny3,car_queue_floor_deny3,waiting_time,journey_time,total_time
0,p_299,3,0,e_1,7,19,30,3,0,0,0,3,0,0,13,1,1,0,5,0,1,3,0,0,0,3,0,0,3,0,0,0,3,0,0,12,11,23
1,p_296,1,0,e_3,20,26,31,1,0,0,0,3,0,0,18,2,2,5,5,0,2,2,1,0,3,4,1,0,4,1,1,3,5,0,1,6,5,11
2,p_298,4,0,e_2,10,25,47,4,0,0,0,3,0,0,11,1,1,1,5,0,1,4,1,0,0,5,0,1,4,0,0,0,3,0,0,15,22,37
3,p_295,5,0,e_2,22,30,47,5,1,0,3,5,0,1,14,2,2,5,5,0,2,27,1,1,2,4,1,0,5,1,0,0,5,0,1,8,17,25
4,p_290,4,0,e_3,43,50,82,6,1,1,2,5,0,1,14,4,2,12,5,1,3,14,1,1,4,5,0,1,27,1,1,1,4,1,0,7,32,39
5,p_291,6,0,e_3,35,58,82,6,0,0,0,3,0,0,15,4,3,9,5,1,3,15,1,1,1,5,0,1,28,1,1,4,4,1,0,23,24,47
6,p_286,3,0,e_3,51,69,82,5,3,1,4,5,1,2,14,2,1,13,5,1,1,13,1,1,6,5,0,1,10,1,1,1,5,0,1,18,13,31
7,p_288,1,0,e_3,49,77,82,3,1,1,4,3,0,1,16,2,1,13,2,1,1,15,1,1,6,5,0,1,13,1,1,0,5,0,1,28,5,33
8,p_292,11,0,e_1,30,66,113,11,0,0,0,3,0,0,11,3,3,8,2,0,3,24,1,1,5,4,1,0,11,0,0,0,3,1,0,36,47,83
9,p_287,12,0,e_1,51,71,113,8,4,0,6,5,0,1,5,2,1,13,5,1,1,11,1,0,1,5,0,1,8,4,0,4,5,1,3,20,42,62
10,p_280,12,0,e_1,65,71,113,22,3,3,11,2,0,1,2,3,0,14,4,1,2,7,3,0,5,5,1,2,22,3,3,4,4,1,2,6,42,48
11,p_276,5,0,e_1,82,94,113,15,1,1,9,4,1,1,4,2,1,9,4,1,1,15,3,1,10,5,1,2,15,1,1,0,5,0,1,12,19,31
12,p_279,2,0,e_1,76,105,113,29,1,1,11,4,1,0,8,2,1,10,1,1,1,10,2,1,8,5,1,1,29,1,1,1,1,1,0,29,8,37
13,p_300,8,0,e_0,4,31,115,8,0,0,0,3,0,0,8,0,0,0,3,0,0,8,0,0,0,3,0,0,8,0,0,0,3,0,0,27,84,111
14,p_297,12,0,e_0,18,45,115,12,0,0,4,5,0,1,15,0,0,3,2,0,0,10,1,0,2,5,0,1,12,0,0,0,3,0,0,27,70,97
15,p_294,13,0,e_0,23,50,115,13,1,0,6,5,0,2,19,1,1,2,4,1,0,9,2,0,4,5,0,2,13,1,0,0,5,0,1,27,65,92
16,p_293,15,0,e_0,26,58,115,16,1,1,7,5,0,3,16,1,1,1,4,1,0,11,2,0,4,5,1,1,16,1,1,1,4,1,0,32,57,89
17,p_284,14,0,e_0,55,63,115,9,4,0,14,5,1,1,6,2,0,8,5,0,2,12,2,0,2,2,0,2,9,4,0,5,5,1,3,8,52,60
18,p_281,10,0,e_0,63,77,115,25,3,3,14,4,1,1,4,2,2,10,5,0,2,6,3,0,4,5,1,2,25,3,3,5,4,1,2,14,38,52
19,p_282,6,0,e_0,62,91,115,29,3,3,14,1,1,0,8,2,2,10,5,0,2,10,3,2,4,5,1,2,29,3,3,5,4,1,2,29,24,53
20,p_274,4,0,e_0,84,99,115,16,1,1,8,4,1,2,4,3,1,8,4,1,2,16,2,1,10,5,1,1,16,1,1,0,5,0,1,15,16,31
21,p_275,2,0,e_0,84,107,115,18,1,1,8,4,1,1,6,3,1,8,4,1,2,18,2,1,10,5,1,1,18,1,1,0,5,0,1,23,8,31
22,p_285,2,0,e_2,54,56,150,5,4,1,2,5,0,1,14,2,1,14,5,1,1,15,2,2,7,5,0,2,5,4,1,5,5,1,3,2,94,96
23,p_289,7,0,e_2,47,73,150,4,2,0,0,3,0,0,11,3,2,12,5,1,2,10,1,1,5,5,0,1,4,2,0,3,5,0,2,26,77,103
24,p_283,10,0,e_2,55,84,150,5,4,0,2,2,0,1,6,2,1,14,5,1,1,6,2,2,8,5,0,2,5,4,0,5,5,1,3,29,66,95
25,p_278,15,0,e_2,80,101,150,15,1,1,9,5,1,1,24,2,2,9,4,1,1,24,2,2,9,4,1,1,15,1,1,0,4,1,0,21,49,70
26,p_273,13,0,e_2,95,109,150,9,1,0,13,5,1,1,22,3,3,5,4,1,2,22,2,2,5,4,1,1,9,1,0,4,5,0,1,14,41,55
27,p_267,1,0,e_2,153,159,164,8,1,0,0,3,0,0,13,2,2,6,5,0,2,5,1,1,2,5,0,1,8,1,0,9,4,1,0,6,5,11
28,p_277,10,0,e_3,81,114,182,10,0,0,0,3,1,0,29,2,2,9,4,1,1,29,2,2,9,4,1,1,11,3,1,9,5,1,2,33,68,101
29,p_272,15,0,e_3,105,131,182,8,1,0,7,5,0,1,17,2,2,2,4,1,1,17,1,1,2,4,1,0,29,2,2,14,4,1,1,26,51,77
30,p_271,11,0,e_3,127,145,182,5,2,1,14,5,1,1,11,0,0,0,3,0,0,11,0,0,0,3,0,0,26,1,1,7,4,1,0,18,37,55
31,p_264,5,0,e_3,162,165,182,1,1,0,6,4,1,0,17,3,2,8,5,1,2,15,2,1,4,5,1,1,25,1,1,0,4,1,0,3,17,20
32,p_258,5,0,e_2,175,182,207,27,1,1,3,5,0,1,13,2,1,12,5,1,1,13,3,2,8,5,1,2,27,1,1,2,4,1,0,7,25,32
33,p_262,6,0,e_2,164,187,207,29,1,1,0,3,0,0,15,3,2,9,5,1,2,13,2,1,5,5,1,1,29,1,1,5,1,1,0,23,20,43
34,p_259,6,0,e_2,174,187,207,26,1,1,3,5,0,1,12,2,1,12,5,1,1,12,3,2,8,5,1,2,26,1,1,2,4,1,0,13,20,33
35,p_252,2,0,e_2,212,221,229,22,2,2,0,3,0,0,5,2,1,7,4,1,1,5,1,0,7,4,1,0,22,2,2,6,5,0,2,9,8,17
36,p_269,4,0,e_1,146,161,235,7,1,0,0,3,0,0,6,1,1,4,5,0,1,27,1,1,1,4,1,0,7,1,0,11,4,1,0,15,74,89
37,p_265,12,0,e_1,157,187,235,25,1,1,3,5,0,1,11,3,1,7,5,1,2,11,1,0,1,5,0,1,25,1,1,7,4,1,0,30,48,78
38,p_263,12,0,e_1,163,187,235,23,2,2,4,5,1,1,9,3,1,9,5,1,2,12,0,0,0,3,1,0,23,2,2,5,4,1,1,24,48,72
39,p_261,12,0,e_1,170,187,235,22,1,1,7,5,1,1,8,2,1,10,5,1,1,11,1,0,1,5,0,1,22,1,1,4,4,1,0,17,48,65
40,p_260,13,0,e_1,171,192,235,20,1,1,7,5,1,1,6,2,1,11,5,1,1,11,1,0,2,5,0,1,20,1,1,3,4,1,0,21,43,64
41,p_255,10,0,e_1,192,203,235,10,1,0,13,4,1,0,3,2,1,13,4,1,1,25,1,1,5,4,1,0,10,1,0,0,5,0,1,11,32,43
42,p_270,7,0,e_0,133,157,236,8,2,1,0,3,0,0,7,0,0,0,3,0,0,28,1,1,5,4,1,0,8,2,1,15,4,1,1,24,79,103
43,p_268,10,0,e_0,150,168,236,30,1,1,5,5,0,1,9,1,0,1,5,0,1,10,0,0,0,3,0,0,30,1,1,10,4,1,0,18,68,86
44,p_266,15,0,e_0,155,185,236,23,1,1,7,5,0,2,13,1,0,2,5,0,1,15,1,0,0,5,0,1,23,1,1,8,4,1,0,30,51,81
45,p_257,12,0,e_0,179,196,236,19,1,1,13,5,1,1,4,3,1,10,5,1,2,8,2,0,4,5,0,2,19,1,1,1,4,1,0,17,40,57
46,p_254,3,0,e_0,199,225,236,11,1,1,11,4,1,0,8,2,1,11,4,1,1,29,1,1,2,4,1,0,11,1,1,2,5,0,1,26,11,37
47,p_251,4,0,e_2,228,243,277,15,2,1,0,3,1,0,28,1,1,2,4,1,0,28,1,1,2,4,1,0,15,2,1,11,5,1,1,15,34,49
48,p_250,7,0,e_2,236,254,277,9,2,1,2,5,0,1,7,0,0,0,3,0,0,7,0,0,0,3,0,0,9,2,1,14,5,1,1,18,23,41
49,p_248,7,0,e_2,246,254,277,7,1,0,5,5,1,1,5,1,0,2,5,0,1,7,0,0,0,3,0,0,7,1,0,14,4,1,0,8,23,31
50,p_256,8,0,e_3,191,218,292,8,0,0,0,3,0,0,5,2,1,13,4,1,1,21,1,0,13,2,1,0,27,1,1,5,4,1,0,27,74,101
51,p_253,15,0,e_3,208,241,292,10,1,0,5,5,0,1,23,2,2,8,4,1,1,24,1,1,9,4,1,0,15,0,0,0,3,0,0,33,51,84
52,p_247,12,0,e_3,248,252,292,1,1,0,13,4,1,0,9,1,0,3,5,0,1,12,0,0,0,3,0,0,7,2,0,5,5,1,1,4,40,44
53,p_244,2,0,e_3,271,284,292,4,1,0,6,4,1,0,12,2,1,10,5,1,1,16,1,1,0,5,0,1,30,1,1,2,4,1,0,13,8,21
54,p_249,7,0,e_0,238,262,319,9,2,1,0,3,0,0,7,0,0,0,3,0,0,4,2,0,3,5,0,2,9,2,1,14,5,1,1,24,57,81
55,p_246,12,0,e_0,257,279,319,29,1,1,6,5,0,1,12,0,0,0,3,0,0,24,1,1,6,4,1,0,29,1,1,11,4,1,0,22,40,62
56,p_243,8,0,e_0,285,293,319,24,1,1,10,4,1,0,5,1,1,5,5,0,1,8,0,0,0,3,0,0,24,1,1,2,4,1,0,8,26,34
57,p_245,9,0,e_1,269,299,330,28,1,1,0,3,0,0,6,2,1,9,5,1,1,23,1,1,2,4,1,0,28,1,1,7,4,1,0,30,31,61
58,p_238,2,0,e_1,311,322,330,23,1,1,5,4,1,0,30,1,1,2,4,1,0,19,3,2,7,5,1,2,23,1,1,1,5,0,1,11,8,19
59,p_233,2,0,e_0,319,328,398,20,3,3,0,3,0,0,1,2,0,3,4,1,1,17,3,2,9,5,1,2,20,3,3,4,5,0,3,9,70,79
60,p_232,5,0,e_0,320,339,398,17,3,2,0,5,0,1,27,2,2,2,4,1,1,14,3,2,9,5,1,2,17,3,2,4,5,0,3,19,59,78
61,p_229,9,0,e_0,323,353,398,12,3,1,1,5,0,3,23,1,1,2,4,1,0,9,4,2,10,5,1,3,12,3,1,5,5,1,2,30,45,75
62,p_218,9,0,e_0,343,353,398,7,3,1,6,5,1,3,12,1,1,3,5,0,1,5,5,1,14,4,1,4,7,3,1,10,5,1,2,10,45,55
63,p_212,9,0,e_0,348,353,398,5,5,1,8,5,1,4,10,2,1,5,5,0,2,3,6,1,12,4,1,5,5,5,1,12,5,1,4,5,45,50
64,p_231,10,0,e_0,320,358,398,12,3,1,0,5,0,2,22,2,2,2,4,1,1,9,3,2,9,5,1,2,12,3,1,4,5,0,3,38,40,78
65,p_210,4,0,e_0,353,378,398,11,5,1,9,5,1,3,13,2,1,7,5,0,2,7,5,2,11,4,1,4,11,5,1,13,5,1,4,25,20,45
66,p_222,3,0,e_0,339,383,398,14,3,2,5,5,1,2,19,1,1,2,5,0,1,12,4,1,13,5,1,3,14,3,2,9,5,1,2,44,15,59
67,p_209,2,0,e_0,354,388,398,13,5,1,9,5,1,4,15,2,1,7,5,0,2,9,4,3,11,1,1,3,13,5,1,13,5,1,4,34,10,44
68,p_199,2,0,e_0,368,388,398,9,4,3,7,4,1,4,12,3,1,12,5,0,3,6,5,3,8,4,1,4,9,4,3,11,4,1,3,20,10,30
69,p_216,1,0,e_0,346,393,398,14,4,1,7,5,1,3,19,1,1,4,5,0,1,12,5,4,13,4,1,4,14,4,1,11,5,1,3,47,5,52
70,p_242,4,0,e_2,287,302,402,27,1,1,0,3,0,0,6,2,1,10,4,1,1,9,1,1,5,5,0,1,27,1,1,1,4,1,0,15,100,115
71,p_236,8,0,e_2,313,316,402,16,2,1,7,5,1,2,24,1,1,2,4,1,0,27,2,2,5,4,1,1,16,2,1,2,5,0,2,3,86,89
72,p_228,11,0,e_2,325,327,402,10,3,1,11,5,1,3,10,4,0,1,5,0,4,20,1,1,1,4,1,0,10,3,1,5,5,1,2,2,75,77
73,p_241,13,0,e_2,300,335,402,13,0,0,4,5,0,1,23,1,1,6,4,1,0,26,1,1,9,4,1,0,13,0,0,0,3,0,0,35,67,102
74,p_224,13,0,e_2,335,337,402,5,3,0,13,5,1,3,9,4,0,4,5,1,3,12,1,0,1,5,0,1,5,3,0,8,5,1,2,2,65,67
75,p_240,14,0,e_2,301,342,402,14,0,0,4,3,0,1,22,1,1,6,4,1,0,25,1,1,9,4,1,0,14,0,0,0,3,0,0,41,60,101
76,p_234,14,0,e_2,314,342,402,12,3,0,8,5,1,3,17,1,1,1,4,1,0,20,2,2,4,4,1,1,12,3,0,2,5,0,3,28,60,88
77,p_213,12,0,e_2,347,350,402,3,5,1,13,4,1,4,5,5,0,7,5,1,4,7,2,0,5,5,0,2,3,5,1,11,5,1,4,3,52,55
78,p_219,11,0,e_2,342,355,402,5,3,1,14,4,1,3,5,4,0,6,5,1,3,10,1,1,3,5,0,1,5,3,1,10,5,1,2,13,47,60
79,p_227,9,0,e_2,326,363,402,11,3,1,11,2,1,3,9,4,1,2,5,0,4,22,1,1,1,4,1,0,11,3,1,6,5,1,2,37,39,76
80,p_204,8,0,e_2,364,368,402,4,4,1,9,4,1,4,30,5,5,8,4,1,4,8,3,2,10,5,0,3,4,4,1,12,4,1,3,4,34,38
81,p_206,6,0,e_2,362,376,402,7,4,2,9,1,1,3,3,5,0,9,4,1,4,10,3,2,10,5,0,3,7,4,2,13,4,1,3,14,26,40
82,p_230,5,0,e_2,323,381,402,16,3,2,10,5,1,2,14,3,1,1,5,0,3,27,1,1,2,4,1,0,16,3,2,5,5,1,2,58,21,79
83,p_196,5,0,e_2,376,381,402,4,3,2,6,4,1,3,29,5,5,4,4,1,4,8,2,0,13,4,1,1,4,3,2,9,4,1,2,5,21,26
84,p_221,4,0,e_2,341,386,402,12,2,1,14,2,1,2,11,4,2,5,5,1,3,17,1,1,3,5,0,1,12,2,1,10,2,1,1,45,16,61
85,p_237,5,0,e_3,313,323,414,19,1,1,2,5,0,1,27,1,1,2,4,1,0,30,2,2,5,4,1,1,16,3,2,7,5,1,2,10,91,101
86,p_235,8,0,e_3,314,334,414,16,2,1,2,5,0,2,23,1,1,1,4,1,0,26,2,2,4,4,1,1,12,4,2,8,5,1,3,20,80,100
87,p_225,10,0,e_3,333,342,414,8,2,1,8,2,1,1,7,4,0,3,5,1,3,14,1,1,0,5,0,1,5,5,1,13,5,1,4,9,72,81
88,p_239,13,0,e_3,305,353,414,13,0,0,0,3,0,0,21,1,1,4,4,1,0,24,1,1,7,4,1,0,10,3,1,5,5,1,2,48,61,109
89,p_223,13,0,e_3,339,353,414,4,3,0,9,5,1,2,8,4,0,5,5,1,3,11,1,0,2,5,0,1,2,4,1,13,5,1,3,14,61,75
90,p_211,14,0,e_3,348,358,414,2,5,0,12,5,1,4,6,5,0,8,5,1,4,9,2,0,5,5,0,2,28,6,6,12,4,1,5,10,56,66
91,p_220,9,0,e_3,342,375,414,7,2,1,10,5,1,1,5,4,1,6,5,1,3,12,1,1,3,5,0,1,5,4,0,14,4,1,3,33,39,72
92,p_198,9,0,e_3,368,375,414,2,4,0,11,4,1,3,28,5,5,7,4,1,4,5,3,1,12,5,0,3,29,5,5,8,4,1,4,7,39,46
93,p_217,8,0,e_3,345,380,414,7,3,1,11,5,1,2,5,4,2,7,5,1,3,12,1,1,4,5,0,1,5,5,2,13,4,1,4,35,34,69
94,p_197,8,0,e_3,375,380,414,1,3,0,9,4,1,2,27,5,5,5,4,1,4,5,2,0,13,4,1,1,28,4,4,6,1,1,3,5,34,39
95,p_191,7,0,e_3,382,385,414,1,3,0,8,4,1,2,26,4,4,3,1,1,3,4,3,1,11,1,1,2,28,3,3,5,4,1,2,3,29,32
96,p_215,6,0,e_3,346,390,414,9,4,1,11,5,1,3,7,5,2,7,5,1,4,14,2,1,4,5,0,2,7,5,2,13,4,1,4,44,24,68
97,p_192,5,0,e_3,380,395,414,3,2,1,8,4,1,1,29,5,5,4,4,1,4,7,4,2,12,4,1,3,30,3,3,5,1,1,2,15,19,34
98,p_185,2,0,e_3,392,406,414,4,2,1,6,4,1,1,29,2,2,1,1,1,1,7,4,3,9,4,1,3,30,3,3,2,4,1,2,14,8,22
99,p_175,2,0,e_3,399,406,414,2,2,0,4,4,1,1,22,3,3,0,5,0,3,5,5,3,7,4,1,4,29,2,2,1,4,1,1,7,8,15
100,p_226,12,0,e_1,331,370,432,7,3,1,0,3,0,0,9,4,0,3,5,1,3,4,5,2,12,5,1,4,7,3,1,7,5,1,2,39,62,101
101,p_207,12,0,e_1,355,370,432,3,5,1,7,5,0,2,3,6,0,9,5,1,5,29,4,4,11,4,1,3,3,5,1,13,5,1,4,15,62,77
102,p_203,12,0,e_1,365,370,432,30,4,4,11,5,0,3,26,5,5,8,4,1,4,27,6,6,9,4,1,5,30,4,4,12,4,1,3,5,62,67
103,p_200,12,0,e_1,367,370,432,29,4,4,11,5,0,3,25,5,5,7,4,1,4,26,5,5,8,1,1,4,29,4,4,11,4,1,3,3,62,65
104,p_208,13,0,e_1,355,375,432,2,5,1,7,5,0,2,4,6,0,9,5,1,5,28,4,4,11,4,1,3,2,5,1,13,5,1,4,20,57,77
105,p_202,13,0,e_1,365,375,432,29,4,4,11,5,0,3,25,5,5,8,4,1,4,26,6,6,9,4,1,5,29,4,4,12,4,1,3,10,57,67
106,p_201,13,0,e_1,366,375,432,29,4,4,11,5,0,3,25,5,5,8,4,1,4,25,6,6,8,4,1,5,29,4,4,12,4,1,3,9,57,66
107,p_194,11,0,e_1,377,383,432,28,3,3,13,4,1,2,23,4,4,4,1,1,3,25,4,4,6,4,1,3,28,3,3,9,4,1,2,6,49,55
108,p_195,9,0,e_1,376,391,432,30,3,3,13,4,1,1,25,5,5,4,4,1,4,27,4,4,6,4,1,3,30,3,3,9,4,1,2,15,41,56
109,p_188,8,0,e_1,390,396,432,28,2,2,9,1,1,2,24,3,3,2,4,1,2,25,3,3,3,4,1,2,28,2,2,6,4,1,1,6,36,42
110,p_189,7,0,e_1,387,401,432,30,3,3,10,4,1,2,25,3,3,2,1,1,2,27,3,3,4,4,1,2,30,3,3,7,4,1,2,14,31,45
111,p_187,7,0,e_1,391,401,432,29,2,2,9,4,1,3,24,3,3,1,4,1,2,26,3,3,3,4,1,2,29,2,2,6,4,1,1,10,31,41
112,p_179,6,0,e_1,397,406,432,29,2,2,8,4,1,3,6,2,2,0,3,1,2,25,2,2,1,4,1,1,29,2,2,5,4,1,1,9,26,35
113,p_176,6,0,e_1,398,406,432,28,2,2,8,4,1,4,18,2,2,0,5,0,2,25,2,2,1,4,1,1,28,2,2,4,4,1,1,8,26,34
114,p_184,5,0,e_1,393,411,432,30,3,3,9,4,1,3,26,2,2,1,4,1,1,27,3,3,2,4,1,2,30,3,3,5,4,1,2,18,21,39
115,p_177,9,0,e_0,398,427,490,25,2,2,0,5,0,2,29,5,5,8,4,1,4,22,2,2,1,4,1,1,25,2,2,4,4,1,1,29,63,92
116,p_173,10,0,e_0,405,432,490,22,1,1,2,5,0,3,26,4,4,6,1,1,3,17,2,1,1,5,0,2,22,1,1,2,1,1,0,27,58,85
117,p_170,10,0,e_0,408,432,490,22,1,1,3,5,0,4,26,4,4,6,4,1,3,17,2,1,1,5,1,1,22,1,1,2,4,1,0,24,58,82
118,p_160,10,0,e_0,421,432,490,18,1,1,7,5,0,6,23,3,3,3,4,1,2,13,4,2,5,5,1,3,18,1,1,2,5,0,1,11,58,69
119,p_181,11,0,e_0,395,437,490,24,2,2,1,4,1,1,27,4,4,8,1,1,3,20,3,3,1,4,1,2,24,2,2,5,4,1,1,42,53,95
120,p_169,11,0,e_0,410,437,490,20,1,1,4,5,0,4,24,3,3,5,1,1,2,15,2,1,2,5,1,1,20,1,1,1,4,1,0,27,53,80
121,p_159,11,0,e_0,424,437,490,16,1,1,8,5,0,6,21,4,4,2,4,1,3,11,4,2,6,5,1,3,16,1,1,3,5,0,1,13,53,66
122,p_193,12,0,e_0,378,442,490,26,3,3,4,4,1,3,30,4,4,12,4,1,3,24,4,4,6,4,1,3,26,3,3,8,4,1,2,64,48,112
123,p_183,12,0,e_0,393,442,490,23,3,3,1,4,1,1,27,5,5,9,4,1,4,20,3,3,2,4,1,2,23,3,3,5,4,1,2,49,48,97
124,p_164,12,0,e_0,416,442,490,18,1,1,6,5,0,5,22,3,3,4,4,1,2,12,3,1,4,5,1,2,18,1,1,0,5,0,1,26,48,74
125,p_157,12,0,e_0,427,442,490,14,1,1,9,5,1,5,19,4,4,1,4,1,3,9,3,2,7,5,1,2,14,1,1,4,5,0,1,15,48,63
126,p_152,10,0,e_0,439,450,490,12,1,1,11,5,1,4,8,4,0,2,5,0,4,7,4,2,11,5,1,3,12,1,1,8,5,0,1,11,40,51
127,p_153,8,0,e_0,438,458,490,14,1,1,11,5,1,3,6,4,0,2,5,0,4,10,4,2,10,5,1,3,14,1,1,8,5,0,1,20,32,52
128,p_138,7,0,e_0,456,463,490,9,4,1,8,4,1,3,1,5,0,6,5,1,4,6,2,0,13,4,1,1,9,4,1,14,5,0,4,7,27,34
129,p_166,5,0,e_0,415,471,490,25,1,1,5,5,0,4,29,3,3,4,1,1,2,20,3,2,3,5,1,2,25,1,1,0,5,0,1,56,19,75
130,p_174,3,0,e_1,402,443,490,30,2,2,7,4,1,3,20,3,3,1,5,0,3,25,2,1,0,5,0,2,30,2,2,3,4,1,1,41,47,88
131,p_171,3,0,e_1,408,443,490,29,1,1,6,4,1,3,18,4,4,3,5,0,4,24,2,1,1,5,1,1,29,1,1,2,4,1,0,35,47,82
132,p_155,3,0,e_1,434,443,490,21,1,1,0,5,0,3,11,5,2,10,5,1,4,16,4,2,9,5,1,3,21,1,1,6,5,0,1,9,47,56
133,p_214,4,0,e_1,346,448,490,11,4,1,4,5,0,1,9,5,2,7,5,1,4,9,5,3,13,4,1,4,11,4,1,11,5,1,3,102,42,144
134,p_182,5,0,e_1,394,453,490,30,2,2,8,4,1,4,26,2,2,1,4,1,1,27,3,3,2,4,1,2,30,2,2,5,1,1,1,59,37,96
135,p_178,5,0,e_1,398,453,490,29,2,2,8,4,1,4,19,2,2,0,5,0,2,26,2,2,1,4,1,1,29,2,2,4,4,1,1,55,37,92
136,p_154,7,0,e_1,438,461,490,15,1,1,2,5,0,3,6,4,1,11,5,1,3,11,4,2,10,5,1,3,15,1,1,8,5,0,1,23,29,52
137,p_147,7,0,e_1,450,461,490,11,1,1,4,5,1,3,3,4,1,10,4,1,3,7,3,0,14,5,1,2,11,1,1,12,5,0,1,11,29,40
138,p_144,4,0,e_1,451,472,490,14,1,1,5,5,1,4,6,4,2,10,4,1,3,16,2,0,14,2,1,1,14,1,1,12,5,0,1,21,18,39
139,p_150,3,0,e_1,444,477,490,17,1,1,3,5,1,3,9,5,4,12,4,1,4,13,4,2,12,5,1,3,17,1,1,10,5,0,1,33,13,46
140,p_148,3,0,e_1,447,477,490,16,1,1,4,3,1,3,8,5,4,11,4,1,4,12,3,1,13,5,1,2,16,1,1,11,5,0,1,30,13,43
141,p_143,2,0,e_1,451,482,490,16,1,1,5,5,1,3,8,4,3,10,4,1,3,14,2,0,14,2,1,1,16,1,1,12,5,0,1,31,8,39
142,p_136,2,0,e_1,460,482,490,13,3,0,7,2,1,3,6,4,3,8,4,1,3,10,2,0,12,4,1,1,13,3,0,15,2,0,3,22,8,30
143,p_205,1,0,e_2,362,407,506,12,4,3,9,1,1,2,8,5,3,9,4,1,4,15,3,2,10,5,0,3,12,4,3,13,4,1,3,45,99,144
144,p_186,1,0,e_2,391,407,506,5,2,1,3,4,1,2,30,3,3,1,4,1,2,8,4,3,9,4,1,3,5,2,1,6,4,1,1,16,99,115
145,p_167,7,0,e_2,412,427,506,23,1,1,2,5,1,1,13,4,4,4,5,0,4,28,3,3,5,4,1,2,23,1,1,0,4,1,0,15,79,94
146,p_161,13,0,e_2,418,447,506,16,1,1,4,5,1,2,7,6,0,6,5,0,6,21,3,3,4,4,1,2,16,1,1,1,5,0,1,29,59,88
147,p_190,14,0,e_2,382,452,506,24,4,4,5,4,1,2,19,4,4,3,1,1,3,27,3,3,11,1,1,2,24,4,4,8,4,1,3,70,54,124
148,p_180,14,0,e_2,396,452,506,21,2,2,1,1,1,1,16,3,3,0,4,1,2,24,4,4,8,4,1,3,21,2,2,5,4,1,1,56,54,110
149,p_172,14,0,e_2,405,452,506,18,1,1,1,5,0,2,12,4,0,2,5,0,4,22,4,4,6,1,1,3,18,1,1,2,1,1,0,47,54,101
150,p_165,14,0,e_2,416,452,506,16,1,1,4,5,1,2,8,5,0,6,5,0,5,20,3,3,4,4,1,2,16,1,1,0,5,0,1,36,54,90
151,p_162,14,0,e_2,417,452,506,15,1,1,4,5,1,2,8,6,0,6,5,0,6,20,3,3,4,4,1,2,15,1,1,1,5,0,1,35,54,89
152,p_158,14,0,e_2,426,452,506,12,1,1,7,2,1,2,5,5,0,9,2,0,5,18,4,4,2,4,1,3,12,1,1,4,5,0,1,26,54,80
153,p_135,7,0,e_2,461,475,506,8,4,3,11,4,1,1,30,4,4,7,4,1,3,30,4,4,7,4,1,3,8,4,3,15,4,1,3,14,31,45
154,p_132,7,0,e_2,463,475,506,8,4,3,11,4,1,2,30,3,3,7,4,1,2,30,4,4,7,4,1,3,8,4,3,15,4,1,3,12,31,43
155,p_126,6,0,e_2,473,480,506,6,3,2,7,4,1,3,29,2,2,5,4,1,1,28,3,3,4,4,1,2,6,3,2,12,1,1,2,7,26,33
156,p_129,5,0,e_2,470,485,506,8,4,3,8,4,1,2,30,2,2,5,1,1,1,29,4,4,4,4,1,3,8,4,3,13,4,1,3,15,21,36
157,p_122,5,0,e_2,477,485,506,6,3,2,7,4,1,4,29,3,3,4,4,1,2,28,3,3,3,4,1,2,6,3,2,11,4,1,2,8,21,29
158,p_168,15,0,e_3,412,461,524,15,1,1,0,4,1,0,11,4,0,4,5,0,4,20,3,3,5,4,1,2,13,3,0,2,5,1,2,49,63,112
159,p_151,15,0,e_3,443,461,524,6,1,0,9,5,0,1,27,5,5,12,4,1,4,12,4,0,3,5,1,3,3,4,0,12,5,1,3,18,63,81
160,p_149,15,0,e_3,444,461,524,5,1,0,10,5,0,1,27,5,5,12,4,1,4,12,5,0,3,5,1,4,3,4,0,12,5,1,3,17,63,80
161,p_142,15,0,e_3,452,461,524,3,3,0,12,5,0,3,25,4,4,10,4,1,3,10,5,0,5,2,1,4,29,2,2,14,4,1,1,9,63,72
162,p_141,15,0,e_3,455,461,524,2,4,0,13,5,0,4,24,4,4,9,4,1,3,10,5,0,5,5,1,4,28,2,2,13,4,1,1,6,63,69
163,p_140,13,0,e_3,455,469,524,4,3,1,13,5,0,3,26,4,4,9,4,1,3,8,5,0,5,5,1,4,30,2,2,13,4,1,1,14,55,69
164,p_139,13,0,e_3,456,469,524,3,4,1,14,5,0,4,25,5,5,8,4,1,4,7,5,0,6,5,1,4,30,2,2,13,4,1,1,13,55,68
165,p_137,13,0,e_3,458,469,524,3,4,1,14,5,0,4,25,4,4,8,4,1,3,7,5,0,6,5,1,4,29,2,2,12,4,1,1,11,55,66
166,p_145,12,0,e_3,451,474,524,6,2,1,12,5,0,2,28,4,4,10,4,1,3,7,6,0,5,5,1,5,24,2,0,14,2,1,1,23,50,73
167,p_134,12,0,e_3,462,474,524,3,4,1,15,4,1,3,25,3,3,7,1,1,2,25,4,4,7,4,1,3,29,3,3,11,4,1,2,12,50,62
168,p_146,10,0,e_3,451,482,524,8,1,1,12,5,0,1,30,4,4,10,4,1,3,5,6,0,5,5,1,5,22,2,0,14,2,1,1,31,42,73
169,p_128,10,0,e_3,471,482,524,3,4,1,13,4,1,3,25,2,2,5,4,1,1,24,3,3,4,1,1,2,28,4,4,8,4,1,3,11,42,53
170,p_131,9,0,e_3,467,487,524,4,4,2,13,4,1,3,27,3,3,6,4,1,2,26,4,4,5,4,1,3,30,3,3,9,4,1,2,20,37,57
171,p_130,9,0,e_3,469,487,524,4,4,2,13,4,1,3,26,3,3,5,4,1,2,26,4,4,5,4,1,3,30,3,3,9,4,1,2,18,37,55
172,p_121,9,0,e_3,480,487,524,1,3,0,10,4,1,2,24,4,4,3,4,1,3,23,3,3,2,4,1,2,27,4,4,6,4,1,3,7,37,44
173,p_163,4,0,e_0,417,504,600,25,1,1,6,5,0,5,30,3,3,4,4,1,2,20,3,2,4,5,1,2,25,1,1,1,5,0,1,87,96,183
174,p_133,4,0,e_0,463,504,600,11,4,3,7,4,1,2,3,4,0,7,4,1,3,7,3,1,11,4,1,2,11,4,3,15,4,1,3,41,96,137
175,p_123,12,0,e_0,474,530,600,30,3,3,4,4,1,2,22,3,3,4,4,1,2,25,5,5,7,1,1,4,30,3,3,12,4,1,2,56,70,126
176,p_127,15,0,e_0,473,541,600,27,3,3,5,4,1,1,19,3,3,4,4,1,2,22,5,5,7,4,1,4,27,3,3,12,1,1,2,68,59,127
177,p_112,15,0,e_0,497,541,600,22,3,3,2,5,0,3,13,5,0,2,5,0,5,17,3,3,2,4,1,2,22,3,3,7,4,1,2,44,59,103
178,p_111,15,0,e_0,501,541,600,20,5,5,3,5,0,3,12,5,0,3,5,0,5,16,2,2,1,4,1,1,20,5,5,5,4,1,4,40,59,99
179,p_87,15,0,e_0,539,541,600,11,5,5,15,5,1,6,2,6,0,13,5,1,5,6,4,0,9,5,1,3,11,5,5,4,3,1,4,2,59,61
180,p_93,7,0,e_0,529,567,600,12,6,1,12,2,1,5,10,6,3,11,5,1,5,15,5,2,6,5,1,4,12,6,1,1,5,1,5,38,33,71
181,p_76,7,0,e_0,559,567,600,5,5,1,9,4,1,5,2,6,0,9,4,1,5,7,4,0,14,4,1,3,5,5,1,8,5,1,4,8,33,41
182,p_94,6,0,e_0,528,572,600,13,5,2,12,5,1,5,11,6,3,11,2,1,5,16,5,3,6,5,1,4,13,5,2,1,2,0,5,44,28,72
183,p_86,6,0,e_0,541,572,600,10,5,2,15,4,1,5,9,6,1,13,5,1,5,13,4,2,9,5,1,3,10,5,2,4,5,1,4,31,28,59
184,p_80,6,0,e_0,548,572,600,8,6,2,13,4,1,5,7,6,1,13,4,1,5,10,5,1,12,5,1,4,8,6,2,6,5,1,5,24,28,52
185,p_73,6,0,e_0,568,572,600,12,6,2,7,4,1,4,1,5,0,7,4,1,4,5,4,0,11,4,1,3,12,6,2,10,5,1,5,4,28,32
186,p_108,5,0,e_0,509,577,600,29,4,4,5,5,1,2,17,5,5,6,5,0,5,22,3,1,1,5,0,3,29,4,4,4,4,1,3,68,23,91
187,p_106,4,0,e_0,512,582,600,29,5,5,6,5,1,3,17,5,5,7,5,0,5,23,3,1,1,5,1,2,29,5,5,3,4,1,4,70,18,88
188,p_114,9,0,e_1,494,519,600,28,3,3,1,5,0,3,20,3,2,1,5,0,3,24,3,3,3,4,1,2,28,3,3,7,1,1,2,25,81,106
189,p_120,10,0,e_1,481,524,600,30,2,2,2,1,1,1,23,4,4,3,4,1,3,26,4,4,6,4,1,3,30,2,2,10,1,1,1,43,76,119
190,p_115,10,0,e_1,494,524,600,27,3,3,1,5,0,4,19,3,2,1,5,0,3,23,3,3,3,4,1,2,27,3,3,7,1,1,2,30,76,106
191,p_100,10,0,e_1,522,524,600,20,5,5,10,5,1,5,10,6,2,10,5,1,5,14,5,2,4,5,1,4,20,5,5,0,4,1,4,2,76,78
192,p_113,11,0,e_1,496,529,600,26,3,3,2,5,0,4,17,3,2,2,5,0,3,21,3,3,2,4,1,2,26,3,3,7,4,1,2,33,71,104
193,p_117,12,0,e_1,490,534,600,26,4,4,0,5,0,2,18,3,1,0,5,0,3,22,2,2,4,4,1,1,26,4,4,8,4,1,3,44,66,110
194,p_103,13,0,e_1,517,539,600,18,5,5,9,5,0,5,9,5,1,8,5,1,4,12,4,1,3,5,1,3,18,5,5,1,4,1,4,22,61,83
195,p_92,13,0,e_1,533,539,600,11,6,0,12,2,1,4,4,7,1,13,5,1,6,8,4,1,7,5,1,3,11,6,0,2,5,1,5,6,61,67
196,p_91,13,0,e_1,535,539,600,10,6,0,12,5,1,4,4,7,1,13,5,1,6,8,4,1,7,5,1,3,10,6,0,3,5,1,5,4,61,65
197,p_124,14,0,e_1,474,544,600,28,3,3,4,4,1,2,20,4,4,4,4,1,3,23,5,5,7,1,1,4,28,3,3,12,4,1,2,70,56,126
198,p_88,14,0,e_1,538,544,600,10,6,0,13,2,1,5,2,7,1,14,5,1,6,6,4,0,8,5,1,3,10,6,0,4,5,1,5,6,56,62
199,p_89,7,0,e_1,537,567,600,10,6,1,13,5,1,5,9,7,1,14,5,1,6,13,4,2,8,5,1,3,10,6,1,3,5,1,5,30,33,63
200,p_95,6,0,e_1,527,572,600,13,6,2,11,5,1,5,13,6,2,11,5,1,5,17,5,3,5,5,1,4,13,6,2,1,5,0,6,45,28,73
201,p_96,5,0,e_1,527,577,600,14,6,3,11,5,1,4,14,6,2,11,5,1,5,18,5,3,5,5,1,4,14,6,3,1,5,0,6,50,23,73
202,p_85,3,0,e_1,542,585,600,13,5,4,14,5,1,5,12,6,4,15,4,1,5,15,4,2,10,5,1,3,13,5,4,4,5,1,4,43,15,58
203,p_156,1,0,e_2,428,511,612,25,1,1,7,5,1,2,14,6,3,9,5,1,5,30,4,4,1,4,1,3,25,1,1,4,5,0,1,83,101,184
204,p_125,4,0,e_2,474,522,612,8,3,2,7,1,1,3,30,3,3,4,4,1,2,30,3,3,4,4,1,2,8,3,2,12,4,1,2,48,90,138
205,p_105,4,0,e_2,515,522,612,28,5,5,2,5,1,2,19,5,2,7,5,1,4,16,5,5,8,5,0,5,28,5,5,2,4,1,4,7,90,97
206,p_104,7,0,e_2,516,533,612,25,5,5,2,5,1,2,15,5,2,8,5,1,4,13,5,5,8,5,0,5,25,5,5,2,4,1,4,17,79,96
207,p_101,12,0,e_2,521,550,612,19,4,4,4,3,1,3,9,5,1,9,5,1,4,7,6,2,9,5,1,5,19,4,4,1,4,1,3,29,62,91
208,p_109,14,0,e_2,506,558,612,20,5,5,0,5,0,2,12,3,1,4,5,1,2,9,5,0,5,5,0,5,20,5,5,4,4,1,4,52,54,106
209,p_79,14,0,e_2,549,558,612,8,5,0,12,2,1,3,29,6,6,13,4,1,5,29,6,6,13,4,1,5,8,5,0,6,2,1,4,9,54,63
210,p_67,8,0,e_2,574,578,612,10,7,2,9,4,1,3,28,5,5,6,4,1,4,28,4,4,6,4,1,3,10,7,2,12,5,1,6,4,34,38
211,p_77,6,0,e_2,557,586,612,7,5,1,14,2,1,2,4,6,1,10,4,1,5,4,6,1,10,4,1,5,7,5,1,7,5,1,4,29,26,55
212,p_83,5,0,e_2,546,591,612,10,5,3,11,5,1,3,9,6,2,14,4,1,5,9,6,2,14,4,1,5,10,5,3,5,5,1,4,45,21,66
213,p_62,5,0,e_2,582,591,612,11,8,1,7,4,1,3,29,3,3,4,4,1,2,29,4,4,4,4,1,3,11,8,1,14,5,1,7,9,21,30
214,p_61,5,0,e_2,583,591,612,11,8,1,7,4,1,3,29,3,3,4,4,1,2,28,4,4,3,4,1,3,11,8,1,14,5,1,7,8,21,29
215,p_55,4,0,e_2,590,596,612,10,9,5,5,1,1,1,28,2,2,2,4,1,1,28,3,3,2,4,1,2,10,9,5,14,4,1,8,6,16,22
216,p_102,2,0,e_2,521,604,612,29,4,4,4,3,1,2,19,5,2,9,5,1,4,17,6,5,9,5,1,5,29,4,4,1,4,1,3,83,8,91
217,p_56,2,0,e_2,588,604,612,13,9,7,6,4,1,2,30,3,3,2,4,1,2,30,3,3,2,4,1,2,13,9,7,15,4,1,8,16,8,24
218,p_110,1,0,e_3,501,529,654,4,4,1,5,4,1,3,26,3,3,3,5,0,3,24,5,5,3,5,0,5,30,2,2,1,4,1,1,28,125,153
219,p_107,1,0,e_3,512,529,654,2,5,0,3,4,1,4,23,4,2,6,5,1,3,20,5,5,7,5,0,5,26,3,2,1,5,1,2,17,125,142
220,p_118,4,0,e_3,488,540,654,5,2,1,9,4,1,1,26,4,4,0,4,1,3,26,3,3,0,4,1,2,30,3,3,4,4,1,2,52,114,166
221,p_119,5,0,e_3,483,545,654,5,2,1,10,4,1,1,27,4,4,2,4,1,3,27,3,3,2,4,1,2,30,4,4,5,4,1,3,62,109,171
222,p_98,6,0,e_3,524,550,654,8,4,1,0,5,0,4,14,6,2,10,5,1,5,12,5,4,10,5,1,4,18,5,3,4,5,1,4,26,104,130
223,p_116,7,0,e_3,490,555,654,1,3,0,8,4,1,2,23,3,2,0,5,0,3,21,2,2,0,5,0,2,27,2,2,4,4,1,1,65,99,164
224,p_97,10,0,e_3,526,566,654,10,5,0,0,5,0,5,9,6,2,11,5,1,5,8,5,4,10,5,1,4,13,5,2,5,5,1,4,40,88,128
225,p_74,11,0,e_3,567,571,654,7,5,1,10,5,1,4,26,5,5,7,4,1,4,26,5,5,7,4,1,4,30,4,4,11,4,1,3,4,83,87
226,p_75,14,0,e_3,563,582,654,5,5,0,9,5,1,4,24,6,6,8,4,1,5,24,6,6,8,4,1,5,29,4,4,13,4,1,3,19,72,91
227,p_68,14,0,e_3,574,582,654,4,7,1,12,5,1,6,22,5,5,6,4,1,4,22,4,4,6,4,1,3,25,5,5,9,4,1,4,8,72,80
228,p_72,15,0,e_3,569,587,654,4,6,0,11,5,1,5,22,6,6,7,4,1,5,22,5,5,7,4,1,4,26,4,4,11,4,1,3,18,67,85
229,p_66,12,0,e_3,577,598,654,5,7,2,13,5,1,6,23,4,4,5,4,1,3,23,3,3,5,4,1,2,26,4,4,8,1,1,3,21,56,77
230,p_65,12,0,e_3,578,598,654,5,8,2,13,5,1,7,23,4,4,5,4,1,3,23,3,3,5,4,1,2,26,4,4,8,4,1,3,20,56,76
231,p_52,11,0,e_3,591,603,654,3,9,1,14,4,1,8,21,2,2,2,4,1,1,21,3,3,2,4,1,2,24,3,3,5,4,1,2,12,51,63
232,p_69,10,0,e_3,573,608,654,9,6,2,11,5,1,5,26,5,5,6,4,1,4,26,4,4,6,4,1,3,29,4,4,9,4,1,3,35,46,81
233,p_64,1,0,e_1,579,605,688,16,8,2,5,4,1,2,4,4,2,5,4,1,3,7,4,3,8,4,1,3,16,8,2,13,5,1,7,26,83,109
234,p_90,2,0,e_1,536,610,688,15,6,5,12,5,1,4,14,7,1,14,5,1,6,18,4,2,8,5,1,3,15,6,5,3,5,1,5,74,78,152
235,p_82,3,0,e_1,547,615,688,12,6,3,13,4,1,5,10,6,4,13,4,1,5,14,5,2,11,5,1,4,12,6,3,5,5,1,5,68,73,141
236,p_70,3,0,e_1,572,615,688,16,6,2,6,4,1,3,3,5,2,6,4,1,4,7,4,2,10,4,1,3,16,6,2,11,5,1,5,43,73,116
237,p_43,3,0,e_1,599,615,688,9,10,7,0,3,1,3,3,4,4,0,3,1,4,30,3,3,3,4,1,2,9,10,7,12,4,1,9,16,73,89
238,p_42,4,0,e_1,600,620,688,8,10,6,0,5,0,3,22,4,2,0,5,0,4,29,3,3,3,4,1,2,8,10,6,12,4,1,9,20,68,88
239,p_40,4,0,e_1,601,620,688,7,10,5,0,5,0,5,22,4,2,0,5,0,4,29,3,3,3,4,1,2,7,10,5,11,4,1,9,19,68,87
240,p_41,10,0,e_1,600,640,688,2,10,1,0,5,0,4,16,4,1,0,5,0,4,23,3,3,3,4,1,2,2,10,1,12,4,1,9,40,48,88
241,p_36,11,0,e_1,635,645,688,23,8,8,9,5,1,3,10,3,2,9,5,1,2,12,2,1,7,5,1,1,23,8,8,4,1,1,7,10,43,53
242,p_33,8,0,e_1,647,656,688,24,8,8,11,4,1,2,9,2,1,13,5,1,1,11,2,1,11,5,1,1,24,8,8,2,4,1,7,9,32,41
243,p_37,7,0,e_1,633,661,688,28,8,8,8,5,1,2,14,3,2,9,5,1,2,17,2,1,6,5,1,1,28,8,8,5,4,1,7,28,27,55
244,p_32,5,0,e_1,657,669,688,14,8,4,8,4,1,2,10,1,0,15,4,1,0,11,2,1,14,5,1,1,14,8,4,1,5,0,8,12,19,31
245,p_31,5,0,e_1,662,669,688,13,8,4,7,4,1,2,8,1,0,13,4,1,0,10,1,0,15,4,1,0,13,8,4,2,5,1,7,7,19,26
246,p_38,4,0,e_1,627,674,688,2,8,1,6,5,1,1,19,3,2,7,5,1,2,22,2,1,4,5,1,1,2,8,1,6,4,1,7,47,14,61
247,p_35,4,0,e_1,640,674,688,29,8,8,10,5,1,3,15,3,2,11,5,1,2,18,2,1,8,5,1,1,29,8,8,3,1,1,7,34,14,48
248,p_99,1,0,e_0,522,605,706,29,5,5,10,5,1,4,17,6,4,10,5,1,5,23,5,3,4,5,1,4,29,5,5,0,4,1,4,83,101,184
249,p_51,1,0,e_0,591,605,706,13,9,8,2,4,1,1,1,3,0,2,4,1,2,4,3,2,5,4,1,2,13,9,8,14,4,1,8,14,101,115
250,p_71,2,0,e_0,569,610,706,15,6,1,7,4,1,4,5,5,3,7,4,1,4,9,4,2,11,4,1,3,15,6,1,11,5,1,5,41,96,137
251,p_49,5,0,e_0,592,621,706,9,10,6,2,4,1,1,27,3,3,2,4,1,2,30,3,3,5,4,1,2,9,10,6,14,4,1,9,29,85,114
252,p_46,13,0,e_0,596,647,706,29,10,10,1,4,1,2,18,3,3,1,4,1,2,21,2,2,4,4,1,1,29,10,10,12,4,1,9,51,59,110
253,p_39,15,0,e_0,609,655,706,25,8,8,2,2,1,2,13,4,0,2,2,1,3,16,3,3,1,4,1,2,25,8,8,10,4,1,7,46,51,97
254,p_34,15,0,e_0,643,655,706,18,8,8,12,5,1,2,4,4,0,11,5,1,3,6,2,0,9,5,1,1,18,8,8,3,4,1,7,12,51,63
255,p_28,6,0,e_0,679,684,706,19,6,4,7,4,1,1,27,1,1,3,4,1,0,3,1,0,9,4,1,0,19,6,4,5,5,1,5,5,22,27
256,p_30,5,0,e_0,676,689,706,10,5,4,8,4,1,0,29,1,1,4,4,1,0,5,1,0,10,4,1,0,10,5,4,5,2,1,4,13,17,30
257,p_48,2,0,e_2,593,620,708,11,10,8,5,4,1,2,29,4,4,1,4,1,3,29,4,4,1,4,1,3,11,10,8,13,4,1,9,27,88,115
258,p_44,15,0,e_2,598,661,708,27,10,10,4,4,1,1,15,5,5,0,4,1,4,15,4,4,0,4,1,3,27,10,10,12,4,1,9,63,47,110
259,p_24,5,0,e_0,707,725,742,13,2,1,0,3,0,0,6,2,1,3,5,1,1,5,0,0,0,3,1,0,13,2,1,12,5,1,1,18,17,35
260,p_23,5,0,e_2,709,727,744,12,2,1,0,3,0,0,5,1,0,0,5,0,1,6,2,1,3,5,1,1,12,2,1,13,5,1,1,18,17,35
261,p_27,2,0,e_1,693,702,764,19,4,2,0,3,0,0,2,1,0,4,4,1,0,3,1,0,5,4,1,0,19,4,2,9,5,1,3,9,62,71
262,p_26,3,0,e_1,698,707,764,17,3,1,1,5,0,1,29,1,1,2,4,1,0,30,1,1,3,4,1,0,17,3,1,10,5,1,2,9,57,66
263,p_25,7,0,e_1,703,721,764,12,2,1,2,5,1,1,24,1,1,1,4,1,0,24,1,1,1,4,1,0,12,2,1,11,5,1,1,18,43,61
264,p_22,10,0,e_1,712,732,764,6,2,1,4,5,1,1,9,1,0,1,5,0,1,10,1,0,0,5,0,1,6,2,1,14,5,1,1,20,32,52
265,p_81,2,0,e_3,547,662,764,13,5,3,5,5,1,4,11,6,4,13,4,1,5,11,6,4,13,4,1,5,15,5,2,11,5,1,4,115,102,217
266,p_84,3,0,e_3,546,667,764,12,4,3,5,5,1,3,11,6,4,14,4,1,5,11,6,3,14,4,1,5,14,4,2,11,5,1,3,121,97,218
267,p_78,4,0,e_3,555,672,764,9,4,1,7,5,1,3,7,6,3,11,4,1,5,7,6,3,11,4,1,5,11,4,1,13,5,1,3,117,92,209
268,p_45,5,0,e_3,597,677,764,7,9,5,12,1,1,8,26,4,4,1,4,1,3,26,3,3,1,4,1,2,29,2,2,4,4,1,1,80,87,167
269,p_59,6,0,e_3,584,682,764,10,8,1,14,5,1,7,28,3,3,4,4,1,2,27,3,3,3,1,1,2,30,4,4,6,4,1,3,98,82,180
270,p_57,6,0,e_3,587,682,764,9,9,4,15,4,1,8,27,3,3,3,4,1,2,27,3,3,3,4,1,2,30,3,3,6,4,1,2,95,82,177
271,p_54,6,0,e_3,590,682,764,8,9,4,14,4,1,8,26,2,2,2,4,1,1,26,3,3,2,4,1,2,29,3,3,5,1,1,2,92,82,174
272,p_47,6,0,e_3,594,682,764,7,10,5,13,4,1,9,25,3,3,1,1,1,2,25,3,3,1,1,1,2,28,3,3,4,4,1,2,88,82,170
273,p_63,8,0,e_3,581,690,764,8,7,1,14,2,1,6,26,3,3,4,1,1,2,26,4,4,4,4,1,3,29,4,4,7,4,1,3,109,74,183
274,p_60,9,0,e_3,584,695,764,7,9,1,14,5,1,8,25,3,3,4,4,1,2,24,3,3,3,1,1,2,27,4,4,6,4,1,3,111,69,180
275,p_53,9,0,e_3,590,695,764,5,9,2,14,4,1,8,23,2,2,2,4,1,1,23,3,3,2,4,1,2,26,3,3,5,1,1,2,105,69,174
276,p_58,10,0,e_3,586,700,764,5,9,0,15,2,1,8,23,3,3,3,4,1,2,23,3,3,3,4,1,2,26,3,3,6,4,1,2,114,64,178
277,p_50,10,0,e_3,592,700,764,4,10,2,14,4,1,9,22,3,3,2,4,1,2,22,3,3,2,4,1,2,25,3,3,5,4,1,2,108,64,172
278,p_29,15,0,e_3,678,717,764,10,5,0,5,5,1,4,23,2,2,8,4,1,1,18,1,1,3,4,1,0,25,1,1,10,4,1,0,39,47,86
279,p_18,2,0,e_1,768,777,785,2,0,0,0,3,0,0,14,2,2,8,5,0,2,8,1,1,8,5,0,1,2,0,0,0,3,0,0,9,8,17
280,p_20,9,0,e_2,737,773,802,30,1,1,2,4,1,0,22,2,2,1,4,1,1,30,1,1,9,4,1,0,30,1,1,9,4,1,0,36,29,65
281,p_21,10,0,e_0,732,774,844,30,1,1,3,4,1,0,30,1,1,10,4,1,0,24,1,1,4,4,1,0,30,1,1,10,4,1,0,42,70,112
282,p_19,12,0,e_0,740,782,844,26,1,1,0,4,1,1,26,1,1,8,4,1,0,19,2,2,1,4,1,1,26,1,1,8,4,1,0,42,62,104
283,p_17,15,0,e_0,772,793,844,15,0,0,10,5,0,2,14,1,0,1,5,0,1,24,0,0,9,2,0,0,15,0,0,0,3,0,0,21,51,72
284,p_15,15,0,e_0,782,793,844,13,1,0,12,5,1,1,16,1,1,1,4,1,0,21,1,1,6,4,1,0,13,1,0,2,5,0,1,11,51,62
285,p_14,15,0,e_0,790,793,844,10,1,0,14,5,1,1,15,0,0,0,3,0,0,19,1,1,4,4,1,0,10,1,0,5,5,0,1,3,51,54
286,p_12,13,0,e_0,796,801,844,6,1,0,14,4,1,1,13,0,0,0,3,0,0,19,1,1,2,4,1,0,6,1,0,7,5,0,1,5,43,48
287,p_13,11,0,e_0,794,809,844,9,1,1,15,4,1,0,11,0,0,0,3,0,0,21,1,1,2,4,1,0,9,1,1,6,5,0,1,15,35,50
288,p_8,1,0,e_1,847,853,858,5,1,0,0,3,0,0,3,1,1,0,5,0,1,1,0,0,0,3,0,0,5,1,0,6,4,1,0,6,5,11
289,p_9,2,0,e_0,845,854,862,5,1,0,0,3,0,0,2,0,0,0,3,0,0,2,0,0,0,3,0,0,5,1,0,7,4,1,0,9,8,17
290,p_16,13,0,e_3,774,816,867,13,0,0,0,3,0,0,7,3,1,10,5,1,2,12,1,0,1,5,0,1,26,1,1,9,4,1,0,42,51,93
291,p_10,14,0,e_3,810,821,867,3,2,0,11,5,0,2,27,1,1,11,4,1,0,14,0,0,0,3,0,0,14,0,0,0,3,0,0,11,46,57
292,p_11,11,0,e_3,810,832,867,4,1,1,11,5,0,1,30,1,1,11,4,1,0,11,0,0,0,3,0,0,11,0,0,0,3,0,0,22,35,57
293,p_4,1,0,e_0,864,870,875,30,1,1,0,3,0,0,8,1,1,1,5,0,1,23,2,2,4,5,0,2,30,1,1,1,4,1,0,6,5,11
294,p_3,1,0,e_0,876,882,887,1,0,0,0,3,0,0,4,1,0,5,5,0,1,19,2,2,8,5,0,2,1,0,0,0,3,0,0,6,5,11
295,p_5,5,0,e_1,860,878,895,27,1,1,0,3,0,0,25,1,1,0,4,1,0,21,2,2,2,5,0,2,27,1,1,2,4,1,0,18,17,35
296,p_2,3,0,e_3,878,890,901,3,0,0,0,3,0,0,3,1,0,0,5,0,1,2,1,0,5,4,1,0,17,2,2,8,5,0,2,12,11,23
297,p_1,2,0,e_0,889,898,906,5,0,0,0,3,0,0,30,1,1,2,4,1,0,14,1,1,12,2,0,1,5,0,0,3,2,0,0,9,8,17
298,p_7,12,0,e_2,851,890,942,23,1,1,0,3,0,0,11,1,0,1,5,0,1,11,1,0,1,5,0,1,23,1,1,5,4,1,0,39,52,91
299,p_6,14,0,e_2,858,898,942,19,1,1,2,5,0,1,17,1,1,1,4,1,0,14,0,0,0,3,0,0,19,1,1,3,4,1,0,40,44,84
0,p_3,4,0,e_2,25,40,62,4,0,0,0,3,0,0,19,1,1,3,5,0,1,17,1,1,1,5,0,1,4,0,0,0,3,0,0,15,22,37
1,p_4,5,0,e_2,34,45,62,5,0,0,2,5,0,1,15,1,1,6,5,0,1,13,1,1,4,5,0,1,5,0,0,0,3,0,0,11,17,28
2,p_5,9,0,e_1,41,49,92,9,0,0,7,5,0,1,8,1,1,9,5,0,1,5,2,0,4,5,1,1,9,0,0,0,3,0,0,8,43,51
3,p_6,9,0,e_1,45,49,92,9,0,0,8,5,0,2,7,1,1,10,5,0,1,26,1,1,5,4,1,0,9,0,0,0,3,0,0,4,43,47
4,p_2,11,0,e_1,19,57,92,11,0,0,0,3,0,0,14,1,1,1,5,0,1,11,0,0,0,3,0,0,11,0,0,0,3,0,0,38,35,73
5,p_1,13,0,e_0,13,55,96,13,0,0,0,3,0,0,13,0,0,0,3,0,0,13,0,0,0,3,0,0,13,0,0,0,3,0,0,42,41,83
6,p_12,0,8,e_1,86,92,118,21,2,2,2,4,1,0,3,1,0,3,4,1,0,14,3,3,6,5,0,3,21,2,2,9,5,1,1,6,26,32
7,p_16,4,0,e_0,101,114,136,13,2,1,0,5,0,1,9,1,1,3,5,1,0,7,3,1,9,5,1,2,13,2,1,13,5,1,1,13,22,35
8,p_15,5,0,e_0,99,119,136,12,2,1,0,3,0,0,9,1,1,2,5,1,0,6,3,1,9,5,1,2,12,2,1,13,5,1,1,20,17,37
9,p_13,8,0,e_2,87,94,138,13,2,1,6,5,0,3,25,1,1,3,4,1,0,23,1,1,1,4,1,0,13,2,1,9,5,1,1,7,44,51
10,p_10,9,0,e_2,77,99,138,15,2,1,3,5,0,1,27,1,1,6,4,1,0,26,1,1,5,4,1,0,15,2,1,6,5,1,1,22,39,61
11,p_9,10,0,e_2,67,104,138,17,2,1,0,3,0,0,29,1,1,9,4,1,0,28,1,1,8,4,1,0,17,2,1,3,5,1,1,37,34,71
12,p_11,4,0,e_2,84,124,138,18,2,1,5,5,0,2,30,1,1,4,4,1,0,28,1,1,2,4,1,0,18,2,1,8,5,1,1,40,14,54
13,p_7,2,0,e_3,55,64,156,2,0,0,0,3,0,0,11,1,0,13,4,1,0,9,2,0,11,5,1,1,30,1,1,2,4,1,0,9,92,101
14,p_14,13,0,e_3,87,99,156,8,2,1,9,5,1,1,20,1,1,3,4,1,0,18,1,1,1,4,1,0,7,4,0,6,5,0,4,12,57,69
15,p_8,15,0,e_3,62,107,156,13,1,0,2,5,0,1,26,1,1,11,4,1,0,25,1,1,10,4,1,0,15,0,0,0,3,0,0,45,49,94
16,p_20,3,0,e_3,142,145,156,1,1,0,4,4,1,0,9,1,1,2,5,1,0,18,1,0,15,2,1,0,3,1,1,0,3,0,1,3,11,14
17,p_19,0,7,e_0,125,136,161,9,1,0,3,4,1,0,20,1,1,10,2,0,1,4,1,0,4,4,1,0,9,1,0,9,4,1,0,11,25,36
18,p_21,0,10,e_2,142,143,177,4,1,0,0,3,0,0,12,1,1,2,5,1,0,15,1,1,15,2,1,0,4,1,0,4,4,1,0,1,34,35
19,p_17,10,0,e_1,112,126,192,4,1,0,6,5,1,0,6,2,0,4,5,0,2,28,2,2,8,4,1,1,4,1,0,14,4,1,0,14,66,80
20,p_18,15,0,e_1,120,143,192,26,1,1,8,5,0,1,20,1,1,5,4,1,0,20,2,2,5,4,1,1,26,1,1,11,4,1,0,23,49,72
21,p_26,6,0,e_1,169,172,192,11,1,1,7,4,1,0,15,2,1,9,5,1,1,14,2,2,8,5,1,1,11,1,1,1,5,0,1,3,20,23
22,p_30,2,0,e_1,200,209,217,16,3,1,0,3,0,0,9,1,0,11,4,1,0,9,1,0,11,4,1,0,16,3,1,10,5,1,2,9,8,17
23,p_24,14,0,e_2,157,191,237,14,0,0,4,5,1,0,10,3,1,6,5,2,1,27,1,1,11,4,1,0,14,0,0,0,3,0,0,34,46,80
24,p_33,1,0,e_2,213,232,237,13,2,1,7,4,1,0,6,2,1,7,4,1,1,30,1,1,1,4,1,0,13,2,1,14,4,1,1,19,5,24
25,p_22,6,0,e_0,146,156,238,27,1,1,3,5,1,0,8,1,0,14,4,1,0,14,1,1,0,5,1,0,27,1,1,3,4,1,0,10,82,92
26,p_23,15,0,e_0,150,187,238,17,1,1,4,5,1,1,28,1,1,13,4,1,0,14,1,0,1,5,1,0,17,1,1,2,4,1,0,37,51,88
27,p_31,5,0,e_0,203,219,238,12,3,1,10,4,1,0,5,1,0,0,5,0,1,5,1,0,10,4,1,0,12,3,1,11,5,1,2,16,19,35
28,p_36,1,0,e_0,225,233,238,10,2,1,3,4,1,0,17,1,1,2,5,1,0,2,2,0,3,4,1,1,10,2,1,11,4,1,1,8,5,13
29,p_32,0,10,e_1,209,217,249,15,3,3,2,4,1,0,8,2,0,8,4,1,1,8,1,0,8,4,1,0,15,3,3,13,5,1,2,8,32,40
30,p_35,0,6,e_0,222,238,258,11,2,0,4,4,1,0,19,1,1,1,5,1,0,4,2,0,4,4,1,1,11,2,0,11,1,1,1,16,20,36
31,p_28,7,0,e_3,184,187,260,5,2,1,6,5,0,2,9,2,1,14,5,1,1,25,1,1,2,4,1,0,9,1,1,12,5,0,1,3,73,76
32,p_25,9,0,e_3,163,195,260,9,0,0,0,3,0,0,14,2,1,7,5,1,1,30,1,1,9,4,1,0,13,2,2,6,5,1,1,32,65,97
33,p_29,14,0,e_3,192,212,260,6,3,0,8,5,1,2,30,1,1,14,4,1,0,14,0,0,0,3,0,0,30,1,1,14,4,1,0,20,48,68
34,p_34,11,0,e_3,217,223,260,2,2,0,13,4,1,1,24,2,2,5,4,1,1,11,1,0,0,5,1,0,25,2,2,6,4,1,1,6,37,43
35,p_27,5,0,e_3,180,243,260,8,1,1,5,5,0,1,12,2,1,13,5,1,1,29,1,1,4,4,1,0,12,1,1,11,5,0,1,63,17,80
36,p_41,7,0,e_0,257,263,288,24,1,1,6,2,1,0,11,2,2,12,5,0,2,12,1,1,5,5,0,1,24,1,1,1,4,1,0,6,25,31
37,p_42,4,0,e_0,269,274,288,4,0,0,5,4,1,0,11,1,0,15,4,1,0,11,1,1,9,5,0,1,4,0,0,0,3,0,0,5,14,19
38,p_43,4,0,e_0,270,274,288,4,0,0,5,4,1,1,11,1,0,15,4,1,0,11,1,1,9,5,0,1,4,0,0,0,3,0,0,4,14,18
39,p_44,4,0,e_3,275,290,304,4,0,0,0,3,0,0,30,1,1,4,4,1,0,9,1,0,13,4,1,0,9,1,1,11,5,0,1,15,14,29
40,p_39,13,0,e_1,247,260,317,21,1,1,10,5,1,1,10,1,0,3,5,1,0,11,1,0,2,5,0,1,21,1,1,4,4,1,0,13,57,70
41,p_37,15,0,e_1,228,268,317,25,2,2,3,5,1,0,17,2,2,2,4,1,1,17,2,2,2,4,1,1,25,2,2,10,4,1,1,40,49,89
42,p_40,15,0,e_1,255,268,317,16,1,1,12,5,0,2,10,1,0,5,5,1,0,11,1,0,4,5,0,1,16,1,1,1,4,1,0,13,49,62
43,p_47,3,0,e_1,293,306,317,30,1,1,7,4,1,0,19,2,2,0,5,0,2,5,1,0,8,4,1,0,30,1,1,3,4,1,0,13,11,24
44,p_38,12,0,e_2,240,279,319,24,2,2,0,3,0,0,12,1,0,0,5,1,0,11,2,1,7,5,1,1,24,2,2,6,4,1,1,39,40,79
45,p_49,3,0,e_2,298,308,319,29,1,1,6,4,1,0,17,3,3,2,5,0,3,2,2,0,5,4,1,1,29,1,1,2,4,1,0,10,11,21
46,p_51,0,4,e_3,309,310,326,0,0,0,0,3,0,0,16,3,3,6,5,0,3,2,1,0,2,4,1,0,3,1,0,3,4,1,0,1,16,17
47,p_57,1,0,e_1,327,333,338,11,2,2,0,3,0,0,17,3,2,10,5,1,2,1,0,0,0,3,0,0,11,2,2,4,5,0,2,6,5,11
48,p_58,0,6,e_2,330,331,353,11,2,2,0,3,0,0,17,2,2,11,5,1,1,2,1,1,0,5,0,1,11,2,2,5,5,0,2,1,22,23
49,p_60,2,0,e_1,338,347,357,7,3,1,0,3,0,0,13,2,1,13,5,1,1,9,1,1,1,5,1,0,7,3,1,7,5,1,2,9,10,19
50,p_62,1,0,e_1,345,352,357,6,2,1,2,5,0,1,12,2,1,13,4,1,1,7,1,1,4,5,1,0,6,2,1,7,4,1,1,7,5,12
51,p_54,7,0,e_3,313,337,370,7,1,0,0,5,1,0,14,4,4,7,5,0,4,24,1,1,1,4,1,0,25,1,1,2,4,1,0,24,33,57
52,p_53,8,0,e_3,313,342,370,8,2,0,0,5,1,1,13,4,3,7,5,0,4,23,1,1,1,4,1,0,24,1,1,2,4,1,0,29,28,57
53,p_56,8,0,e_3,324,342,370,4,3,0,4,5,1,2,11,3,2,9,5,1,2,8,0,0,0,3,0,0,8,0,0,0,3,0,0,18,28,46
54,p_59,3,0,e_3,335,359,370,6,2,1,7,5,0,2,13,2,1,12,5,1,1,28,1,1,1,4,1,0,9,1,1,0,5,1,0,24,11,35
55,p_46,8,0,e_0,291,317,387,26,1,1,0,5,0,1,30,1,1,8,4,1,0,30,1,1,8,4,1,0,26,1,1,4,4,1,0,26,70,96
56,p_48,9,0,e_0,294,322,387,24,1,1,1,5,0,2,28,2,2,7,4,1,1,28,1,1,7,4,1,0,24,1,1,3,4,1,0,28,65,93
57,p_45,11,0,e_0,290,330,387,23,1,1,0,3,0,0,27,1,1,8,4,1,0,28,1,1,9,4,1,0,23,1,1,4,4,1,0,40,57,97
58,p_50,11,0,e_0,299,330,387,20,1,1,2,5,0,3,24,2,2,5,4,1,1,25,2,2,6,4,1,1,20,1,1,1,4,1,0,31,57,88
59,p_52,14,0,e_0,312,341,387,14,1,0,7,5,0,3,17,1,1,1,4,1,0,18,1,1,2,4,1,0,14,1,0,0,5,1,0,29,46,75
60,p_55,14,0,e_0,314,341,387,14,3,0,7,5,0,4,17,1,1,1,4,1,0,17,1,1,1,4,1,0,14,3,0,0,5,1,2,27,46,73
61,p_61,12,0,e_0,341,349,387,14,2,0,14,4,1,0,12,1,0,0,5,0,1,10,1,0,2,5,1,0,14,2,0,8,2,1,1,8,38,46
62,p_63,3,0,e_1,364,376,387,29,1,1,0,3,0,0,4,1,0,7,4,1,0,3,0,0,6,3,0,0,29,1,1,2,4,1,0,12,11,23
63,p_65,0,7,e_3,369,370,395,0,0,0,0,3,1,0,6,1,0,6,4,1,0,5,1,1,1,5,0,1,6,0,0,6,3,0,0,1,25,26
64,p_68,2,0,e_0,389,398,406,23,2,2,0,3,0,0,2,0,0,0,3,0,0,12,2,2,10,5,0,2,23,2,2,5,5,2,0,9,8,17
65,p_69,2,0,e_1,391,400,416,22,2,2,0,3,0,0,2,1,0,0,5,0,1,12,2,2,10,5,0,2,22,2,2,6,5,2,0,9,16,25
66,p_70,3,0,e_1,398,405,416,19,1,1,2,5,0,1,29,1,1,2,4,1,0,15,1,0,12,2,1,0,19,1,1,8,5,1,0,7,11,18
67,p_64,0,15,e_3,365,370,421,1,1,0,1,4,1,0,7,1,0,7,4,1,0,6,1,1,0,5,0,1,6,0,0,6,3,0,0,5,51,56
68,p_66,11,0,e_2,376,394,441,18,2,1,6,3,0,0,22,1,1,3,4,1,0,22,1,1,3,4,1,0,18,2,1,1,5,2,0,18,47,65
69,p_67,12,0,e_2,377,399,441,17,2,1,6,5,0,1,21,1,1,3,4,1,0,21,1,1,3,4,1,0,17,2,1,1,5,2,0,22,42,64
70,p_71,7,0,e_2,403,416,441,14,1,1,11,4,1,0,24,1,1,1,4,1,0,4,2,0,3,5,1,1,14,1,1,9,5,1,0,13,25,38
71,p_72,6,0,e_2,417,421,441,10,1,1,7,4,1,0,6,0,0,0,3,0,0,6,0,0,0,3,0,0,10,1,1,14,5,1,0,4,20,24
72,p_73,3,0,e_0,423,435,446,12,0,0,0,3,0,0,3,0,0,0,3,0,0,3,1,0,6,4,1,0,12,0,0,15,3,0,0,12,11,23
73,p_75,3,0,e_1,438,450,461,8,1,1,0,3,0,0,29,1,1,2,4,1,0,28,1,1,1,4,1,0,8,1,1,11,4,0,1,12,11,23
74,p_74,10,0,e_3,424,442,476,5,0,0,15,3,0,0,10,1,0,0,5,0,1,10,0,0,0,3,0,0,25,1,1,5,4,1,0,18,34,52
75,p_77,4,0,e_3,455,462,476,2,1,0,6,4,1,0,4,0,0,0,3,0,0,28,1,1,2,4,1,0,12,1,1,4,5,0,1,7,14,21
76,p_81,1,0,e_1,493,499,504,1,0,0,0,3,0,0,6,1,0,7,4,1,0,10,1,0,11,4,1,0,1,0,0,0,3,0,0,6,5,11
77,p_79,9,0,e_0,457,487,516,26,2,2,0,3,0,0,22,1,1,1,4,1,0,10,2,2,5,5,0,2,26,2,2,5,4,1,1,30,29,59
78,p_76,10,0,e_2,440,473,527,20,1,1,0,3,1,0,22,1,1,2,4,1,0,10,1,0,0,5,0,1,20,1,1,10,4,0,1,33,54,87
79,p_78,12,0,e_2,455,481,527,24,2,2,4,5,0,1,12,0,0,0,3,0,0,20,1,1,2,4,1,0,24,2,2,6,4,1,1,26,46,72
80,p_80,13,0,e_2,474,486,527,17,1,1,10,5,1,1,8,1,0,5,5,0,1,13,0,0,0,3,0,0,17,1,1,0,4,1,0,12,41,53
81,p_82,0,12,e_3,494,495,535,0,0,0,0,3,0,0,7,1,0,7,4,1,0,2,1,1,0,5,0,1,11,1,0,11,4,1,0,1,40,41
82,p_83,0,12,e_1,501,504,544,23,1,1,1,4,1,0,5,1,0,5,4,1,0,8,1,0,8,4,1,0,23,1,1,1,5,1,0,3,40,43
83,p_90,1,0,e_2,538,544,549,14,2,1,0,3,0,0,6,2,1,3,5,0,2,13,2,1,10,5,2,0,14,2,1,13,5,1,1,6,5,11
84,p_87,3,0,e_0,528,540,569,15,2,2,0,3,0,0,13,1,1,8,5,1,0,3,0,0,0,3,0,0,15,2,2,10,5,1,1,12,29,41
85,p_93,4,0,e_0,543,545,569,10,1,0,4,5,1,1,8,2,0,12,2,2,1,5,0,0,1,2,0,0,10,1,0,14,4,1,0,2,24,26
86,p_89,5,0,e_0,535,550,569,11,2,1,2,5,0,1,9,1,1,10,2,1,0,5,0,0,0,3,0,0,11,2,1,12,5,1,1,15,19,34
87,p_94,3,0,e_0,546,558,569,10,1,0,4,5,1,1,9,2,1,12,4,1,1,28,1,1,1,4,1,0,10,1,0,13,4,1,0,12,11,23
88,p_88,10,0,e_1,531,536,586,7,2,2,9,5,1,0,10,1,0,0,5,0,1,10,0,0,0,3,0,0,7,2,2,11,5,1,1,5,50,55
89,p_92,10,0,e_1,540,552,586,5,2,1,11,5,2,0,7,2,0,3,5,1,1,10,1,0,0,5,0,1,5,2,1,13,5,1,1,12,34,46
90,p_95,10,0,e_1,547,552,586,3,1,0,11,4,1,1,6,3,0,4,5,1,2,20,1,1,0,4,1,0,3,1,0,13,4,1,0,5,34,39
91,p_96,7,0,e_1,551,563,586,5,1,0,10,1,1,0,28,2,2,5,4,1,1,7,0,0,0,3,0,0,5,1,0,12,4,1,0,12,23,35
92,p_84,12,0,e_3,504,535,591,10,1,0,2,5,1,0,22,1,1,4,4,1,0,12,1,0,0,5,1,0,25,1,1,7,4,1,0,31,56,87
93,p_85,14,0,e_3,517,543,591,8,1,0,6,5,1,0,14,0,0,0,3,0,0,10,1,0,4,5,1,0,19,1,1,3,4,1,0,26,48,74
94,p_86,14,0,e_3,518,543,591,7,2,0,7,5,1,1,14,0,0,0,3,0,0,10,1,0,4,5,1,0,19,1,1,3,4,1,0,25,48,73
95,p_91,14,0,e_3,539,543,591,1,2,0,13,5,1,1,11,1,0,3,2,0,1,3,2,0,11,5,2,0,14,1,0,0,5,0,1,4,48,52
96,p_99,9,0,e_3,556,560,591,1,2,0,10,4,1,1,24,2,2,3,4,1,1,30,2,2,9,4,1,1,8,1,0,1,5,0,1,4,31,35
97,p_98,6,0,e_3,555,571,591,4,1,0,10,4,1,0,28,2,2,4,4,1,1,3,2,1,9,4,1,1,6,1,0,0,5,0,1,16,20,36
98,p_111,2,0,e_3,607,616,624,2,0,0,0,3,0,0,6,2,1,6,5,1,1,13,1,1,5,5,0,1,12,1,0,14,4,1,0,9,8,17
99,p_107,3,0,e_0,584,595,634,29,1,1,0,5,0,1,27,1,1,0,4,1,0,16,4,3,9,5,1,3,29,1,1,2,4,1,0,11,39,50
100,p_106,5,0,e_0,583,603,634,27,1,1,0,3,0,0,26,1,1,1,4,1,0,14,4,3,9,2,1,3,27,1,1,2,4,1,0,20,31,51
101,p_108,7,0,e_0,584,611,634,25,1,1,0,5,0,2,23,1,1,0,4,1,0,12,4,3,9,5,1,3,25,1,1,2,4,1,0,27,23,50
102,p_97,5,0,e_2,552,570,651,6,1,0,0,3,0,0,30,2,2,5,4,1,1,5,2,1,10,4,1,1,6,1,0,11,4,1,0,18,81,99
103,p_101,9,0,e_2,566,584,651,28,2,2,4,5,0,2,22,1,1,1,4,1,0,27,1,1,6,4,1,0,28,2,2,7,4,1,1,18,67,85
104,p_100,10,0,e_2,557,589,651,30,3,3,1,5,0,1,23,1,1,3,1,1,0,29,2,2,9,4,1,1,30,3,3,10,4,1,2,32,62,94
105,p_105,12,0,e_2,582,597,651,21,1,1,9,5,1,3,12,0,0,0,3,0,0,19,1,1,1,4,1,0,21,1,1,3,4,1,0,15,54,69
106,p_110,12,0,e_2,590,597,651,12,0,0,10,5,1,2,10,3,0,2,5,0,3,12,1,1,0,3,0,1,12,0,0,0,3,1,0,7,54,61
107,p_102,14,0,e_2,568,605,651,23,2,2,5,5,0,3,14,0,0,0,3,1,0,22,1,1,6,4,1,0,23,2,2,7,4,1,1,37,46,83
108,p_103,14,0,e_2,577,605,651,20,1,1,7,5,1,3,14,0,0,0,3,0,0,19,1,1,3,4,1,0,20,1,1,4,4,1,0,28,46,74
109,p_104,14,0,e_2,581,605,651,19,1,1,8,5,1,3,14,0,0,0,3,0,0,17,1,1,1,4,1,0,19,1,1,3,4,1,0,24,46,70
110,p_112,11,0,e_2,613,616,651,10,1,0,12,4,1,0,26,1,1,7,4,1,0,4,1,0,7,5,0,1,10,1,0,1,5,0,1,3,35,38
111,p_109,10,0,e_1,590,623,655,10,0,0,0,3,0,0,8,3,0,2,5,0,3,8,3,2,10,5,1,2,10,0,0,0,3,1,0,33,32,65
112,p_117,0,2,e_2,636,651,659,24,2,2,5,4,1,0,14,1,1,0,5,0,1,6,1,0,6,4,1,0,24,2,2,2,5,0,2,15,8,23
113,p_123,0,2,e_2,661,670,678,17,2,2,2,3,0,0,9,2,2,7,5,1,1,5,1,1,1,5,0,1,17,2,2,9,5,1,1,9,8,17
114,p_121,3,0,e_1,656,668,681,15,2,2,0,3,0,0,6,1,1,7,2,0,1,2,1,0,1,5,1,0,15,2,2,8,5,0,2,12,13,25
115,p_125,2,0,e_1,668,673,681,12,2,1,3,4,1,0,5,1,0,7,1,1,0,28,1,1,0,4,0,1,12,2,1,12,5,1,1,5,8,13
116,p_116,7,0,e_0,633,657,692,18,2,2,0,3,1,0,30,1,1,7,4,1,0,29,1,1,6,4,1,0,18,2,2,1,5,0,2,24,35,59
117,p_122,7,0,e_0,657,659,692,10,2,1,7,5,1,1,7,1,0,0,5,0,1,5,1,0,2,5,1,0,10,2,1,9,5,0,2,2,33,35
118,p_118,8,0,e_0,649,664,692,12,2,2,5,5,0,1,24,1,1,2,4,1,0,22,1,1,0,4,1,0,12,2,2,6,5,0,2,15,28,43
119,p_119,8,0,e_0,650,664,692,12,2,2,5,5,0,2,23,1,1,1,4,1,0,8,0,0,0,3,1,0,12,2,2,6,5,0,2,14,28,42
120,p_124,7,0,e_0,664,669,692,9,2,1,8,4,1,0,5,1,0,2,5,0,1,25,1,1,2,4,0,1,9,2,1,10,5,1,1,5,23,28
121,p_126,1,0,e_1,681,687,692,10,1,0,0,3,0,0,2,1,0,3,4,1,0,1,0,0,2,3,0,0,10,1,0,11,4,1,0,6,5,11
122,p_113,9,0,e_3,629,659,714,9,0,0,0,3,0,0,22,1,1,1,4,1,0,29,1,1,8,4,1,0,28,1,1,7,4,1,0,30,55,85
123,p_115,9,0,e_3,632,659,714,9,1,0,0,5,0,1,21,1,1,0,4,1,0,28,1,1,7,4,1,0,27,1,1,6,4,1,0,27,55,82
124,p_114,13,0,e_3,632,673,714,13,1,0,0,5,0,1,17,1,1,0,4,1,0,24,1,1,7,4,1,0,23,1,1,6,4,1,0,41,41,82
125,p_120,13,0,e_3,653,673,714,6,2,0,7,5,0,2,7,2,0,6,5,0,2,17,1,1,0,4,1,0,13,1,0,0,5,1,0,20,41,61
126,p_129,5,0,e_1,705,723,740,28,1,1,0,3,0,0,5,1,1,0,3,0,1,6,1,1,3,5,0,1,28,1,1,3,4,1,0,18,17,35
127,p_128,0,15,e_0,705,706,757,3,1,0,0,3,0,0,0,0,0,0,3,0,0,11,1,1,3,5,0,1,3,1,0,3,4,1,0,1,51,52
128,p_127,7,0,e_2,701,719,770,27,1,1,2,3,0,0,7,0,0,0,3,0,0,7,0,0,0,3,0,0,27,1,1,4,4,1,0,18,51,69
129,p_130,11,0,e_2,705,733,770,22,1,1,3,5,0,1,11,1,1,0,3,0,1,11,1,1,0,3,0,1,22,1,1,3,4,1,0,28,37,65
130,p_133,6,0,e_2,734,750,770,5,2,1,11,4,1,0,16,1,1,8,5,1,0,26,1,1,2,4,1,0,5,2,1,3,5,0,2,16,20,36
131,p_132,4,0,e_3,730,737,799,8,1,1,2,5,0,1,19,1,1,7,5,1,0,29,1,1,3,4,1,0,8,2,1,10,5,1,1,7,62,69
132,p_131,7,0,e_3,722,748,799,7,0,0,0,3,0,0,19,1,1,4,5,1,0,12,0,0,5,2,0,0,7,2,1,8,5,1,1,26,51,77
133,p_135,11,0,e_3,739,762,799,7,2,0,4,5,1,1,9,2,2,10,5,1,1,11,0,0,0,3,1,0,28,2,2,9,4,1,1,23,37,60
134,p_140,5,0,e_3,768,782,799,4,1,0,9,4,1,0,7,2,0,12,4,1,1,23,1,1,2,5,1,0,25,1,1,0,4,1,0,14,17,31
135,p_139,0,15,e_1,758,759,808,12,2,2,0,3,0,0,15,3,0,15,4,1,2,4,1,0,4,4,1,0,12,2,2,10,5,1,1,1,49,50
136,p_134,14,0,e_0,734,752,810,11,2,0,8,5,1,0,18,1,1,2,4,1,0,27,2,2,11,4,1,1,11,2,0,3,5,0,2,18,58,76
137,p_136,14,0,e_0,749,752,810,7,2,0,13,5,1,1,14,0,0,0,3,0,0,22,1,1,6,1,1,0,7,2,0,7,5,1,1,3,58,61
138,p_137,13,0,e_0,755,765,810,4,2,0,15,5,2,0,13,0,0,0,3,0,0,22,1,1,5,4,1,0,4,2,0,9,5,1,1,10,45,55
139,p_138,12,0,e_0,756,770,810,3,2,0,15,2,2,1,12,0,0,0,3,0,0,22,1,1,4,4,1,0,3,2,0,9,5,1,1,14,40,54
140,p_143,5,0,e_0,780,793,810,30,2,2,9,4,1,0,19,1,1,6,5,1,0,18,2,2,3,5,0,2,30,2,2,5,4,1,1,13,17,30
141,p_145,1,0,e_3,820,826,831,1,0,0,0,3,0,0,10,1,1,1,5,0,1,14,0,0,15,3,0,0,10,1,0,11,4,1,0,6,5,11
142,p_141,12,0,e_2,770,809,855,27,2,2,0,3,0,0,30,1,1,12,4,1,0,15,1,1,3,5,1,0,27,2,2,9,4,1,1,39,46,85
143,p_142,13,0,e_2,773,814,855,25,2,2,0,5,0,1,28,1,1,11,4,1,0,13,1,1,4,5,1,0,25,2,2,8,4,1,1,41,41,82
144,p_144,6,0,e_0,815,836,856,6,0,0,0,3,0,0,9,0,0,15,3,0,0,7,1,0,13,4,1,0,6,0,0,0,3,0,0,21,20,41
145,p_150,3,0,e_2,860,872,885,24,2,2,0,3,0,0,9,1,1,0,5,0,1,8,1,1,11,4,0,1,24,2,2,3,5,0,2,12,13,25
146,p_152,2,0,e_2,868,877,885,22,2,1,2,5,0,1,20,2,2,2,5,0,2,7,1,0,9,4,1,0,22,2,1,6,5,0,2,9,8,17
147,p_146,10,0,e_1,846,864,900,10,0,0,15,3,0,0,23,1,1,3,4,1,0,23,1,1,3,4,1,0,10,0,0,0,3,0,0,18,36,54
148,p_153,6,0,e_1,872,878,900,18,2,1,8,4,1,0,14,2,1,4,5,0,2,27,2,2,3,4,1,1,18,2,1,6,5,1,1,6,22,28
149,p_154,4,0,e_1,874,886,900,19,2,1,7,4,1,1,16,2,2,4,5,0,2,29,2,2,3,4,1,1,19,2,1,7,5,1,1,12,14,26
150,p_149,6,0,e_0,859,880,940,21,2,1,0,3,0,0,5,1,1,11,4,0,1,6,0,0,0,3,0,0,21,2,1,3,5,0,2,21,60,81
151,p_155,11,0,e_0,884,897,940,9,2,1,7,5,1,1,23,2,2,4,4,1,1,11,0,0,0,3,1,0,9,2,1,10,5,1,1,13,43,56
152,p_151,12,0,e_0,863,902,940,14,2,1,1,5,0,1,28,0,0,10,1,0,0,12,1,0,0,5,0,1,14,2,1,4,5,0,2,39,38,77
153,p_156,12,0,e_0,884,902,940,8,2,1,7,5,1,2,22,2,2,4,4,1,1,12,0,0,0,3,1,0,8,2,1,10,5,1,1,18,38,56
154,p_157,7,0,e_2,889,913,944,11,2,1,0,3,0,0,8,3,2,9,5,1,2,26,1,1,3,4,1,0,11,2,1,12,5,1,1,24,31,55
155,p_158,7,0,e_2,892,913,944,10,2,1,0,5,0,1,7,3,2,10,5,1,2,25,1,1,2,4,1,0,10,2,1,13,5,1,1,21,31,52
156,p_159,8,0,e_2,893,918,944,9,2,1,1,5,0,1,6,3,2,10,5,1,2,24,1,1,2,4,1,0,9,2,1,13,5,1,1,25,26,51
157,p_147,6,0,e_3,849,870,946,6,0,0,0,3,0,0,26,1,1,2,4,1,0,9,1,1,15,4,0,1,26,1,1,2,4,1,0,21,76,97
158,p_148,15,0,e_3,849,899,946,15,1,1,0,3,0,1,17,1,1,2,4,1,0,20,1,1,15,4,0,1,17,1,1,2,4,1,0,50,47,97
0,p_300,0,4,e_0,8,9,25,0,0,0,0,3,0,0,0,0,0,0,3,0,0,0,0,0,0,3,0,0,0,0,0,0,3,0,0,1,16,17
1,p_299,0,5,e_1,9,10,29,0,0,0,0,3,0,0,8,2,2,0,5,1,1,0,0,0,0,3,0,0,0,0,0,0,3,0,0,1,19,20
2,p_297,0,6,e_3,15,16,38,0,0,0,0,3,0,0,7,1,1,1,5,1,0,9,1,1,1,5,1,0,18,1,1,0,5,1,0,1,22,23
3,p_298,0,9,e_2,11,12,43,0,0,0,0,3,0,0,8,1,1,0,5,1,0,10,1,1,0,2,1,0,0,0,0,0,3,0,0,1,31,32
4,p_296,0,4,e_0,28,43,57,9,1,1,4,3,0,0,5,0,0,5,2,1,0,14,1,1,4,5,1,0,9,1,1,3,5,1,0,15,14,29
5,p_286,0,3,e_1,46,47,60,4,1,0,0,3,0,0,23,4,4,1,5,4,0,9,0,0,9,3,0,0,4,1,0,4,4,0,1,1,13,14
6,p_290,0,6,e_0,40,43,65,6,1,0,1,4,0,1,2,1,0,2,4,0,1,10,1,1,8,5,1,0,6,1,0,6,4,0,1,3,22,25
7,p_289,0,4,e_1,43,47,65,5,1,0,1,4,0,1,24,4,4,0,5,4,0,9,0,0,9,3,0,0,5,1,0,5,4,0,1,4,18,22
8,p_295,0,5,e_1,29,47,70,9,1,1,5,3,0,0,4,1,0,4,4,0,1,13,1,1,5,5,1,0,9,1,1,3,5,1,0,18,23,41
9,p_287,0,5,e_1,45,47,70,4,1,0,0,4,0,1,24,4,4,0,5,4,0,9,0,0,9,3,0,0,4,1,0,4,4,0,1,2,23,25
10,p_284,0,4,e_3,54,59,73,1,1,0,1,4,0,1,21,4,4,3,5,4,0,15,4,4,1,5,4,0,9,1,0,9,4,0,1,5,14,19
11,p_288,0,8,e_1,44,47,81,5,1,0,1,4,0,1,24,4,4,0,5,4,0,9,0,0,9,3,0,0,5,1,0,5,4,0,1,3,34,37
12,p_292,0,6,e_3,38,59,81,6,0,0,6,3,0,0,1,1,0,1,4,0,1,3,1,0,3,4,0,1,10,1,1,8,5,1,0,21,22,43
13,p_291,0,11,e_0,39,43,82,6,1,0,1,4,0,1,2,1,0,2,4,0,1,10,1,1,8,5,1,0,6,1,0,6,4,0,1,4,39,43
14,p_294,0,12,e_0,31,43,87,8,1,1,4,4,0,1,5,1,0,5,4,0,1,13,1,1,5,5,1,0,8,1,1,4,5,1,0,12,44,56
15,p_293,0,12,e_0,33,43,87,7,1,1,3,4,0,1,4,1,0,4,4,0,1,12,1,1,6,5,1,0,7,1,1,5,5,1,0,10,44,54
16,p_281,0,1,e_2,73,83,90,14,2,2,3,4,0,1,16,2,2,8,5,2,0,10,1,1,6,5,1,0,14,2,2,4,5,2,0,10,7,17
17,p_283,0,9,e_3,57,59,92,0,1,0,0,4,0,1,20,3,3,4,5,3,0,14,4,4,2,5,4,0,8,1,0,8,4,0,1,2,33,35
18,p_278,0,2,e_2,77,83,95,13,2,2,2,4,0,1,14,2,2,10,5,2,0,9,1,1,7,5,1,0,13,2,2,5,5,2,0,6,12,18
19,p_285,0,4,e_2,53,83,103,2,1,0,9,3,0,0,21,4,4,3,5,4,0,15,4,4,1,5,4,0,2,1,0,2,4,0,1,30,20,50
20,p_279,0,5,e_2,76,83,108,13,2,2,2,4,0,1,15,2,2,9,5,2,0,9,1,1,7,5,1,0,13,2,2,5,5,2,0,7,25,32
21,p_277,0,6,e_2,82,83,113,12,1,1,0,3,0,0,13,1,1,11,5,1,0,8,0,0,8,3,0,0,12,1,1,6,5,1,0,1,30,31
22,p_282,0,7,e_2,66,83,118,16,3,3,5,4,0,1,18,2,2,6,5,2,0,12,2,2,4,5,2,0,16,3,3,2,5,3,0,17,35,52
23,p_273,0,4,e_1,110,111,127,9,0,0,0,3,0,0,5,1,0,5,4,0,1,23,3,3,5,5,3,0,9,0,0,9,3,0,0,1,16,17
24,p_271,0,1,e_0,121,125,130,7,1,0,1,4,0,1,20,3,3,2,5,3,0,20,1,1,8,5,1,0,7,1,0,7,4,0,1,4,5,9
25,p_274,0,8,e_1,88,111,141,10,1,1,7,4,0,1,12,1,0,12,4,0,1,27,7,7,1,5,7,0,10,1,1,8,5,1,0,23,30,53
26,p_280,0,14,e_2,75,83,141,14,2,2,2,4,0,1,15,2,2,9,5,2,0,10,1,1,6,5,1,0,14,2,2,4,5,2,0,8,58,66
27,p_276,0,11,e_1,84,111,152,11,1,1,8,3,0,0,13,1,1,11,5,1,0,28,7,7,0,2,7,0,11,1,1,7,5,1,0,27,41,68
28,p_270,0,9,e_0,122,125,156,7,1,0,1,4,0,1,19,3,3,3,5,3,0,20,1,1,8,5,1,0,7,1,0,7,4,0,1,3,31,34
29,p_269,0,9,e_3,127,143,172,5,1,0,5,4,0,1,28,3,3,0,5,3,0,18,2,2,4,5,2,0,18,1,1,10,5,1,0,16,29,45
30,p_275,0,14,e_0,86,125,173,11,1,1,12,2,1,0,8,1,0,8,4,0,1,28,7,7,0,5,7,0,11,1,1,7,5,1,0,39,48,87
31,p_272,0,10,e_3,113,143,177,9,0,0,9,3,0,0,4,1,0,4,4,0,1,22,3,3,0,5,3,0,22,2,2,6,5,2,0,30,34,64
32,p_267,0,1,e_2,148,189,194,19,2,2,13,4,0,1,21,2,2,7,5,2,0,12,1,1,10,5,1,0,19,2,2,1,5,2,0,41,5,46
33,p_255,0,3,e_1,184,187,198,10,0,0,1,4,0,1,14,0,0,14,3,0,0,1,1,0,1,4,0,1,10,0,0,10,3,0,0,3,11,14
34,p_268,0,2,e_2,144,189,199,20,2,2,14,3,0,0,23,2,2,5,5,2,0,13,1,1,9,5,1,0,20,2,2,0,5,2,0,45,10,55
35,p_265,0,4,e_1,152,187,203,17,2,2,11,4,0,1,20,2,2,8,5,2,0,12,1,0,12,4,0,1,17,2,2,3,5,2,0,35,16,51
36,p_254,0,4,e_2,187,189,207,10,0,0,0,4,0,1,14,0,0,14,3,0,0,30,9,9,0,5,9,0,10,0,0,10,3,0,0,2,18,20
37,p_262,0,5,e_1,157,187,208,16,2,2,10,4,0,1,19,1,1,9,5,1,0,10,1,0,10,4,0,1,16,2,2,4,5,2,0,30,21,51
38,p_261,0,5,e_1,164,187,208,13,2,2,7,4,0,1,17,1,1,11,5,1,0,8,1,0,8,4,0,1,13,2,2,7,5,2,0,23,21,44
39,p_266,0,6,e_1,151,187,213,18,2,2,11,2,1,0,20,2,2,8,5,2,0,12,1,0,12,4,0,1,18,2,2,2,5,2,0,36,26,62
40,p_263,0,7,e_1,154,187,218,17,2,2,11,4,0,1,19,2,2,9,5,2,0,11,1,0,11,4,0,1,17,2,2,3,5,2,0,33,31,64
41,p_260,0,7,e_1,165,187,218,13,2,2,7,4,0,1,16,1,1,12,5,1,0,8,1,0,8,4,0,1,13,2,2,7,5,2,0,22,31,53
42,p_258,0,7,e_1,168,187,218,12,2,2,6,4,0,1,15,1,1,13,5,1,0,7,1,0,7,4,0,1,12,2,2,8,5,2,0,19,31,50
43,p_256,0,10,e_1,182,187,229,10,0,0,1,4,0,1,14,0,0,14,3,0,0,2,1,0,2,4,0,1,10,0,0,10,3,0,0,5,42,47
44,p_250,0,2,e_2,217,224,232,2,1,0,2,4,0,1,14,0,0,14,3,0,0,23,4,4,7,2,5,0,2,1,0,2,4,0,1,7,8,15
45,p_264,0,11,e_1,153,187,234,17,2,2,11,4,0,1,20,2,2,8,5,2,0,12,1,0,12,4,0,1,17,2,2,3,5,2,0,34,47,81
46,p_253,0,5,e_3,190,223,240,10,0,0,10,3,0,0,14,0,0,14,3,0,0,29,9,9,1,5,9,0,8,3,3,0,5,3,0,33,17,50
47,p_252,0,5,e_3,205,223,240,6,1,0,6,4,0,1,14,0,0,14,3,0,0,26,7,7,4,5,7,0,4,1,1,4,5,1,0,18,17,35
48,p_257,0,14,e_1,169,187,245,12,2,2,6,4,0,1,15,1,1,13,5,1,0,6,1,0,6,4,0,1,12,2,2,8,5,2,0,18,58,76
49,p_259,0,15,e_1,167,187,250,12,2,2,6,4,0,1,16,1,1,12,5,1,0,7,1,0,7,4,0,1,12,2,2,8,5,2,0,20,63,83
50,p_251,0,15,e_2,209,224,273,4,1,0,4,3,0,0,14,0,0,14,3,0,0,25,6,6,5,5,6,0,4,1,0,4,4,0,1,15,49,64
51,p_248,0,5,e_3,246,257,274,3,1,0,3,4,0,1,14,0,0,14,3,0,0,16,1,1,14,5,1,0,24,1,1,6,5,1,0,11,17,28
52,p_247,0,5,e_3,250,257,274,2,1,0,2,4,0,1,14,0,0,14,3,0,0,15,0,0,15,3,0,0,22,1,1,8,5,1,0,7,17,24
53,p_249,0,6,e_3,239,257,279,5,0,0,5,2,1,0,14,0,0,14,3,0,0,18,2,2,12,5,2,0,26,1,1,4,5,1,0,18,22,40
54,p_241,0,1,e_3,283,299,304,5,1,0,5,4,0,1,8,1,0,8,4,0,1,11,1,0,11,4,0,1,12,1,0,12,4,0,1,16,5,21
55,p_236,0,1,e_0,305,307,312,15,1,1,0,4,0,1,4,1,0,4,4,0,1,5,1,0,5,4,0,1,15,1,1,1,5,1,0,2,5,7
56,p_233,0,1,e_1,311,317,322,13,1,1,2,4,0,1,25,6,6,1,2,7,0,3,1,0,3,4,0,1,13,1,1,3,5,1,0,6,5,11
57,p_242,0,8,e_3,277,299,327,6,1,1,6,5,1,0,10,1,0,10,4,0,1,13,1,0,13,4,0,1,14,1,0,14,4,0,1,22,28,50
58,p_237,0,7,e_0,304,307,332,15,1,1,1,4,0,1,4,1,0,4,4,0,1,5,1,0,5,4,0,1,15,1,1,1,5,1,0,3,25,28
59,p_230,0,3,e_2,319,320,333,10,1,1,0,3,0,0,23,6,6,3,5,6,0,16,4,4,0,5,4,0,10,1,1,6,5,1,0,1,13,14
60,p_232,0,5,e_1,314,317,336,12,1,1,1,4,0,1,25,6,6,1,5,6,0,2,1,0,2,4,0,1,12,1,1,4,5,1,0,3,19,22
61,p_240,0,9,e_0,301,307,340,16,2,2,2,4,0,1,5,1,0,5,4,0,1,6,1,0,6,4,0,1,16,2,2,0,5,2,0,6,33,39
62,p_245,0,7,e_1,269,317,344,8,2,2,15,3,0,0,12,1,0,12,4,0,1,16,1,1,14,5,1,0,8,2,2,4,5,2,0,48,27,75
63,p_246,0,10,e_0,262,307,345,11,2,2,14,3,0,0,15,0,0,15,3,0,0,18,1,1,12,5,1,0,11,2,2,1,5,2,0,45,38,83
64,p_231,0,7,e_2,317,320,347,11,1,1,1,4,0,1,24,6,6,2,5,6,0,16,4,4,0,5,4,0,11,1,1,5,5,1,0,3,27,30
65,p_235,0,8,e_1,308,317,349,14,1,1,3,4,0,1,26,7,7,0,5,7,0,4,1,0,4,4,0,1,14,1,1,2,5,1,0,9,32,41
66,p_234,0,8,e_1,310,317,349,13,1,1,2,4,0,1,25,7,7,1,5,7,0,3,1,0,3,4,0,1,13,1,1,3,5,1,0,7,32,39
67,p_239,0,11,e_0,302,307,350,15,2,2,1,4,0,1,5,1,0,5,4,0,1,6,1,0,6,4,0,1,15,2,2,1,5,2,0,5,43,48
68,p_244,0,12,e_0,271,307,355,8,2,2,12,4,0,1,15,1,0,15,4,0,1,15,1,1,15,5,1,0,8,2,2,4,5,2,0,36,48,84
69,p_216,0,1,e_3,347,353,358,2,1,0,2,4,0,1,16,3,3,10,5,3,0,8,1,1,8,5,1,0,23,1,1,7,5,1,0,6,5,11
70,p_238,0,13,e_0,303,307,360,15,1,1,1,4,0,1,4,1,0,4,4,0,1,5,1,0,5,4,0,1,15,1,1,1,2,2,0,4,53,57
71,p_226,0,2,e_3,329,353,363,8,1,0,8,4,0,1,20,6,6,6,5,6,0,13,3,3,3,5,3,0,28,3,3,2,5,3,0,24,10,34
72,p_223,0,2,e_3,336,353,363,5,1,0,5,4,0,1,18,5,5,8,5,5,0,11,2,2,5,5,2,0,26,2,2,4,5,2,0,17,10,27
73,p_214,0,3,e_3,349,353,368,1,1,0,1,4,0,1,15,2,2,11,2,3,0,8,1,0,8,4,0,1,23,1,1,7,5,1,0,4,15,19
74,p_243,0,15,e_2,272,320,373,7,2,2,15,2,1,0,11,1,0,11,4,0,1,15,1,0,15,4,0,1,7,2,2,5,5,2,0,48,53,101
75,p_228,0,4,e_3,325,353,373,8,2,2,8,5,1,1,21,6,6,5,5,6,0,14,3,3,2,5,3,0,29,3,3,1,5,3,0,28,20,48
76,p_225,0,5,e_3,330,353,378,7,1,0,7,4,0,1,19,6,6,7,5,6,0,13,3,3,3,5,3,0,28,3,3,2,5,3,0,23,25,48
77,p_224,0,5,e_3,331,353,378,7,1,0,7,4,0,1,19,5,5,7,2,6,0,12,3,3,4,5,3,0,27,3,3,3,5,3,0,22,25,47
78,p_222,0,5,e_3,337,353,378,5,1,0,5,4,0,1,18,5,5,8,5,5,0,11,2,2,5,5,2,0,26,2,2,4,5,2,0,16,25,41
79,p_219,0,5,e_3,342,353,378,3,1,0,3,4,0,1,17,4,4,9,5,4,0,9,2,2,7,5,2,0,24,2,2,6,5,2,0,11,25,36
80,p_221,0,6,e_3,339,353,383,4,1,0,4,4,0,1,17,4,4,9,2,5,0,10,2,2,6,5,2,0,25,2,2,5,5,2,0,14,30,44
81,p_220,0,6,e_3,341,353,383,4,1,0,4,4,0,1,17,4,4,9,5,4,0,10,2,2,6,5,2,0,25,2,2,5,5,2,0,12,30,42
82,p_209,0,2,e_1,357,375,385,25,10,10,6,4,0,1,14,1,1,12,5,1,0,20,1,1,10,5,1,0,25,10,10,1,2,10,1,18,10,28
83,p_205,0,2,e_1,362,375,385,24,9,9,4,4,0,1,13,0,0,13,3,0,0,18,1,1,12,5,1,0,24,9,9,2,2,9,1,13,10,23
84,p_217,0,7,e_3,346,353,388,2,1,0,2,4,0,1,16,3,3,10,5,3,0,9,1,1,7,5,1,0,23,1,1,7,2,2,0,7,35,42
85,p_200,0,4,e_1,367,375,393,23,8,8,2,4,0,1,13,0,0,13,3,0,0,17,1,1,13,5,1,0,23,8,8,3,2,8,1,8,18,26
86,p_201,0,5,e_1,366,375,398,23,9,9,3,4,0,1,13,0,0,13,3,0,0,17,1,1,13,5,1,0,23,9,9,3,5,8,1,9,23,32
87,p_218,0,11,e_3,343,353,402,3,1,0,3,4,0,1,16,4,4,10,5,4,0,9,1,1,7,2,2,0,24,2,2,6,5,2,0,10,49,59
88,p_210,0,6,e_1,354,375,403,26,10,10,7,4,0,1,14,1,1,12,2,2,0,21,1,1,9,5,1,0,26,10,10,0,5,10,0,21,28,49
89,p_208,0,6,e_1,358,375,403,25,10,10,5,4,0,1,13,1,1,13,5,1,0,20,1,1,10,5,1,0,25,10,10,1,5,9,1,17,28,45
90,p_227,0,12,e_3,327,353,407,8,1,0,8,4,0,1,20,6,6,6,5,6,0,14,3,3,2,5,3,0,29,3,3,1,5,3,0,26,54,80
91,p_229,0,13,e_3,320,353,412,10,1,1,6,5,1,0,23,6,6,3,5,6,0,15,4,4,1,5,4,0,30,4,4,0,5,3,1,33,59,92
92,p_198,0,9,e_1,369,375,414,23,8,8,2,4,0,1,13,0,0,13,3,0,0,16,1,1,14,5,1,0,23,8,8,3,5,7,1,6,39,45
93,p_207,0,11,e_1,359,375,422,25,10,10,5,4,0,1,13,0,0,13,2,1,0,19,1,1,11,5,1,0,25,10,10,1,5,9,1,16,47,63
94,p_190,0,1,e_0,379,417,424,21,6,6,12,4,0,1,30,9,9,0,5,9,0,15,1,0,15,4,0,1,21,6,6,5,5,5,1,38,7,45
95,p_183,0,1,e_0,396,417,424,17,4,4,7,4,0,1,25,8,8,5,5,7,1,9,1,0,9,4,0,1,17,4,4,9,5,3,1,21,7,28
96,p_206,0,12,e_1,361,375,427,24,10,10,4,4,0,1,13,0,0,13,3,0,0,19,1,1,11,5,1,0,24,10,10,2,5,9,1,14,52,66
97,p_203,0,12,e_1,364,375,427,24,9,9,3,4,0,1,13,0,0,13,3,0,0,18,1,1,12,5,1,0,24,9,9,2,5,8,1,11,52,63
98,p_182,0,2,e_0,397,417,429,16,4,4,6,4,0,1,25,7,7,5,2,7,1,9,1,0,9,4,0,1,16,4,4,10,5,3,1,20,12,32
99,p_180,0,2,e_0,399,417,429,16,4,4,6,4,0,1,25,7,7,5,5,6,1,8,1,0,8,4,0,1,16,4,4,10,5,3,1,18,12,30
100,p_161,0,1,e_2,421,424,429,10,1,0,1,4,0,1,30,10,10,0,5,10,0,19,4,4,11,2,4,1,10,1,0,10,4,0,1,3,5,8
101,p_178,0,3,e_0,401,417,434,15,3,3,5,4,0,1,24,7,7,6,5,6,1,7,1,0,7,4,0,1,15,3,3,11,2,3,1,16,17,33
102,p_204,0,14,e_1,363,375,435,24,9,9,4,4,0,1,13,0,0,13,3,0,0,18,1,1,12,5,1,0,24,9,9,2,5,8,1,12,60,72
103,p_186,0,4,e_0,390,417,439,19,4,4,9,4,0,1,27,9,9,3,5,8,1,11,1,0,11,4,0,1,19,4,4,7,5,3,1,27,22,49
104,p_215,0,15,e_1,348,375,440,1,1,0,8,2,1,0,15,3,3,11,5,3,0,23,1,1,7,5,1,0,1,1,0,1,4,0,1,27,65,92
105,p_211,0,15,e_1,353,375,440,26,10,10,7,4,0,1,14,2,2,12,5,2,0,21,1,1,9,5,1,0,26,10,10,0,5,10,0,22,65,87
106,p_202,0,15,e_1,365,375,440,24,9,9,3,4,0,1,13,0,0,13,3,0,0,17,1,1,13,5,1,0,24,9,9,2,5,8,1,10,65,75
107,p_199,0,15,e_1,368,375,440,23,8,8,2,4,0,1,13,0,0,13,3,0,0,16,1,1,14,5,1,0,23,8,8,3,5,7,1,7,65,72
108,p_165,0,4,e_2,417,424,440,12,1,0,2,4,0,1,30,11,11,0,5,10,1,20,5,5,10,5,4,1,12,1,0,12,4,0,1,7,16,23
109,p_192,0,8,e_0,375,417,453,22,7,7,13,3,0,0,30,10,10,0,5,9,1,15,0,0,15,3,0,0,22,7,7,4,5,6,1,42,36,78
110,p_189,0,8,e_0,382,417,453,20,5,5,11,4,0,1,29,10,10,1,5,9,1,14,1,0,14,4,0,1,20,5,5,6,2,5,1,35,36,71
111,p_179,0,8,e_0,400,417,453,15,4,4,5,4,0,1,25,7,7,5,5,6,1,8,1,0,8,4,0,1,15,4,4,11,5,3,1,17,36,53
112,p_177,0,9,e_0,402,417,458,15,3,3,5,4,0,1,24,6,6,6,2,6,1,7,1,0,7,4,0,1,15,3,3,11,5,2,1,15,41,56
113,p_191,0,10,e_2,376,424,460,21,7,7,15,3,0,0,13,1,0,13,4,0,1,30,9,9,0,2,9,0,21,7,7,5,5,6,1,48,36,84
114,p_163,0,10,e_2,419,424,460,11,1,0,1,4,0,1,30,10,10,0,5,10,0,20,5,5,10,5,4,1,11,1,0,11,4,0,1,5,36,41
115,p_158,0,1,e_3,430,453,460,7,1,0,7,4,0,1,28,9,9,2,5,8,1,17,3,3,13,5,2,1,21,3,3,1,5,3,0,23,7,30
116,p_185,0,10,e_0,391,417,463,18,4,4,8,4,0,1,26,9,9,4,5,8,1,11,1,0,11,4,0,1,18,4,4,8,5,3,1,26,46,72
117,p_164,0,11,e_2,418,424,465,11,1,0,2,4,0,1,30,10,10,0,2,10,0,20,5,5,10,5,4,1,11,1,0,11,4,0,1,6,41,47
118,p_162,0,11,e_2,420,424,465,11,1,0,1,4,0,1,30,10,10,0,5,10,0,19,5,5,11,5,4,1,11,1,0,11,4,0,1,4,41,45
119,p_187,0,12,e_0,389,417,471,19,4,4,9,4,0,1,27,9,9,3,5,8,1,11,1,0,11,4,0,1,19,4,4,7,5,3,1,28,54,82
120,p_184,0,12,e_0,392,417,471,18,4,4,8,4,0,1,4,8,8,4,3,8,1,10,1,0,10,4,0,1,18,4,4,8,5,3,1,25,54,79
121,p_188,0,13,e_0,384,417,476,20,5,5,11,4,0,1,28,9,9,2,2,9,1,13,1,0,13,4,0,1,20,5,5,6,5,4,1,33,59,92
122,p_159,0,6,e_3,429,453,477,8,1,0,8,4,0,1,28,9,9,2,5,8,1,18,3,3,12,5,2,1,21,3,3,1,5,3,0,24,24,48
123,p_150,0,6,e_3,443,453,477,3,1,0,3,4,0,1,25,7,7,5,5,6,1,14,1,0,14,4,0,1,17,2,2,5,5,2,0,10,24,34
124,p_212,0,7,e_3,351,453,482,0,1,0,0,4,0,1,15,2,2,11,5,2,0,8,1,0,8,4,0,1,22,1,1,8,5,1,0,102,29,131
125,p_154,0,7,e_3,436,453,482,5,1,0,5,4,0,1,27,8,8,3,5,7,1,16,2,2,14,5,1,1,19,3,3,3,5,3,0,17,29,46
126,p_181,0,15,e_0,398,417,484,16,4,4,6,4,0,1,25,7,7,5,5,6,1,8,1,0,8,4,0,1,16,4,4,10,5,3,1,19,67,86
127,p_148,0,8,e_3,449,453,487,1,1,0,1,4,0,1,23,7,7,7,5,6,1,12,1,0,12,4,0,1,15,2,2,7,5,2,0,4,34,38
128,p_153,0,9,e_3,437,453,492,5,1,0,5,4,0,1,26,8,8,4,5,7,1,16,2,2,14,5,1,1,19,3,3,3,5,3,0,16,39,55
129,p_146,0,1,e_1,453,487,494,30,8,8,11,4,0,1,22,6,6,8,5,5,1,14,2,2,8,5,2,0,30,8,8,0,5,7,1,34,7,41
130,p_143,0,3,e_1,456,487,502,30,7,7,10,4,0,1,21,6,6,9,5,5,1,13,2,2,9,5,2,0,30,7,7,0,5,7,0,31,15,46
131,p_136,0,3,e_1,465,487,502,28,7,7,7,4,0,1,20,4,4,10,5,3,1,11,1,0,11,4,0,1,28,7,7,2,5,6,1,22,15,37
132,p_196,0,4,e_1,371,487,507,22,8,8,1,4,0,1,13,0,0,13,3,0,0,15,1,1,15,5,1,0,22,8,8,4,5,7,1,116,20,136
133,p_113,0,1,e_2,489,500,507,22,4,4,3,4,0,1,14,1,0,14,4,0,1,30,9,9,0,5,9,0,22,4,4,8,5,3,1,11,7,18
134,p_157,0,14,e_3,431,453,509,7,1,0,7,4,0,1,28,9,9,2,5,8,1,17,3,3,13,5,2,1,21,3,3,1,5,3,0,22,56,78
135,p_155,0,14,e_3,435,453,509,6,1,0,6,4,0,1,27,8,8,3,5,7,1,16,2,2,14,5,1,1,19,3,3,3,5,3,0,18,56,74
136,p_213,0,15,e_3,350,453,514,1,1,0,1,4,0,1,15,2,2,11,5,2,0,8,1,0,8,4,0,1,22,1,1,8,5,1,0,103,61,164
137,p_160,0,15,e_3,426,453,514,9,1,0,9,4,0,1,29,10,10,1,5,9,1,18,3,3,12,2,3,1,22,4,4,0,5,4,0,27,61,88
138,p_156,0,15,e_3,434,453,514,6,1,0,6,4,0,1,27,8,8,3,5,7,1,16,2,2,14,2,2,1,20,3,3,2,5,3,0,19,61,80
139,p_152,0,15,e_3,441,453,514,4,1,0,4,4,0,1,26,7,7,4,5,6,1,15,1,0,15,4,0,1,18,2,2,4,5,2,0,12,61,73
140,p_151,0,15,e_3,442,453,514,3,1,0,3,4,0,1,25,7,7,5,5,6,1,15,1,0,15,4,0,1,18,2,2,4,5,2,0,11,61,72
141,p_149,0,15,e_3,444,453,514,3,1,0,3,4,0,1,25,7,7,5,5,6,1,14,1,0,14,4,0,1,17,2,2,5,5,2,0,9,61,70
142,p_194,0,6,e_1,373,487,515,22,7,7,0,4,0,1,13,0,0,13,3,0,0,15,0,0,15,3,0,0,22,7,7,4,5,6,1,114,28,142
143,p_141,0,6,e_1,458,487,515,29,8,8,9,4,0,1,21,5,5,9,5,4,1,12,2,2,10,5,2,0,29,8,8,1,5,7,1,29,28,57
144,p_114,0,3,e_2,488,500,515,22,4,4,4,4,0,1,14,1,0,14,4,0,1,30,9,9,0,2,9,0,22,4,4,8,5,3,1,12,15,27
145,p_137,0,4,e_2,464,500,520,28,7,7,11,2,1,0,20,4,4,10,5,3,1,7,1,0,7,4,0,1,28,7,7,2,5,6,1,36,20,56
146,p_140,0,8,e_1,459,487,523,29,7,7,9,4,0,1,21,5,5,9,5,4,1,12,1,1,10,2,2,0,29,7,7,1,2,7,1,28,36,64
147,p_144,0,9,e_1,455,487,528,30,7,7,10,4,0,1,22,6,6,8,5,5,1,13,2,2,9,5,2,0,30,7,7,0,5,7,0,32,41,73
148,p_142,0,9,e_1,457,487,528,30,7,7,10,4,0,1,21,5,5,9,2,5,1,13,2,2,9,5,2,0,30,7,7,0,5,7,0,30,41,71
149,p_108,0,6,e_2,496,500,528,20,3,3,1,4,0,1,11,1,0,11,4,0,1,29,9,9,1,5,8,1,20,3,3,10,5,2,1,4,28,32
150,p_197,0,10,e_1,370,487,533,23,8,8,1,4,0,1,13,0,0,13,3,0,0,16,1,1,14,5,1,0,23,8,8,3,5,7,1,117,46,163
151,p_139,0,10,e_1,461,487,533,29,7,7,8,4,0,1,20,5,5,10,5,4,1,12,1,1,10,5,1,0,29,7,7,1,5,6,1,26,46,72
152,p_167,0,1,e_0,413,531,536,13,1,0,1,4,0,1,21,5,5,9,2,5,1,3,1,0,3,4,0,1,13,1,0,13,4,0,1,118,5,123
153,p_111,0,8,e_2,491,500,536,21,3,3,3,4,0,1,13,1,0,13,4,0,1,30,9,9,0,5,9,0,21,3,3,9,2,3,1,9,36,45
154,p_193,0,11,e_1,374,487,538,22,7,7,0,3,0,0,13,0,0,13,3,0,0,15,0,0,15,3,0,0,22,7,7,4,5,6,1,113,51,164
155,p_145,0,11,e_1,454,487,538,30,7,7,11,4,0,1,22,6,6,8,5,5,1,14,2,2,8,5,2,0,30,7,7,0,2,7,0,33,51,84
156,p_138,0,11,e_1,463,487,538,28,7,7,8,4,0,1,20,4,4,10,5,3,1,11,1,1,11,5,1,0,28,7,7,2,5,6,1,24,51,75
157,p_115,0,9,e_2,487,500,541,22,4,4,4,4,0,1,14,1,0,14,4,0,1,30,10,10,0,5,9,1,22,4,4,8,5,3,1,13,41,54
158,p_106,0,3,e_0,500,531,544,19,3,3,10,4,0,1,27,9,9,3,5,8,1,30,9,9,0,5,8,1,19,3,3,11,5,2,1,31,13,44
159,p_176,0,4,e_0,403,531,549,15,3,3,4,4,0,1,24,6,6,6,5,5,1,7,1,0,7,4,0,1,15,3,3,11,5,2,1,128,18,146
160,p_112,0,11,e_2,490,500,549,21,4,4,3,4,0,1,13,1,0,13,4,0,1,30,9,9,0,5,9,0,21,4,4,9,5,3,1,10,49,59
161,p_110,0,11,e_2,492,500,549,21,3,3,2,4,0,1,13,1,0,13,4,0,1,29,10,10,1,5,9,1,21,3,3,9,5,2,1,8,49,57
162,p_107,0,11,e_2,499,500,549,19,3,3,0,3,0,0,10,1,0,10,4,0,1,28,9,9,2,5,8,1,19,3,3,11,5,2,1,1,49,50
163,p_195,0,15,e_1,372,487,552,4,7,7,1,4,0,1,13,0,0,13,3,0,0,15,0,0,15,2,1,0,4,7,7,4,3,7,1,115,65,180
164,p_109,0,15,e_2,493,500,563,21,3,3,2,4,0,1,12,1,0,12,4,0,1,29,9,9,1,2,9,1,21,3,3,9,5,2,1,7,63,70
165,p_169,0,9,e_0,411,531,566,13,1,1,2,4,0,1,22,6,6,8,5,5,1,4,1,0,4,4,0,1,13,1,1,13,2,1,1,120,35,155
166,p_86,0,2,e_3,544,561,571,5,1,0,5,4,0,1,27,8,8,3,5,7,1,17,2,2,13,5,1,1,20,2,2,10,5,2,0,17,10,27
167,p_173,0,11,e_0,407,531,574,14,2,2,3,4,0,1,23,6,6,7,5,5,1,5,1,0,5,4,0,1,14,2,2,12,5,1,1,124,43,167
168,p_103,0,11,e_0,508,531,574,16,2,2,7,4,0,1,26,7,7,4,5,6,1,29,7,7,1,5,7,0,16,2,2,14,2,2,1,23,43,66
169,p_77,0,3,e_3,557,561,576,1,1,0,1,4,0,1,24,7,7,6,5,6,1,14,1,0,14,4,0,1,17,1,1,13,5,1,0,4,15,19
170,p_166,0,12,e_0,416,531,579,12,1,0,0,3,0,0,21,5,5,9,5,4,1,2,1,0,2,4,0,1,12,1,0,12,4,0,1,115,48,163
171,p_105,0,12,e_0,502,531,579,18,3,3,9,4,0,1,27,8,8,3,5,7,1,30,8,8,0,5,8,0,18,3,3,12,5,2,1,29,48,77
172,p_171,0,13,e_0,409,531,584,14,2,2,2,4,0,1,22,6,6,8,5,5,1,5,1,0,5,4,0,1,14,2,2,12,5,1,1,122,53,175
173,p_168,0,13,e_0,412,531,584,13,1,0,1,4,0,1,21,6,6,9,5,5,1,4,1,0,4,4,0,1,13,1,0,13,4,0,1,119,53,172
174,p_88,0,5,e_3,538,561,584,7,1,0,7,4,0,1,29,9,9,1,5,8,1,19,2,2,11,5,1,1,22,3,3,8,5,3,0,23,23,46
175,p_175,0,14,e_0,405,531,589,14,3,3,4,4,0,1,24,6,6,6,5,5,1,6,1,0,6,4,0,1,14,3,3,12,5,2,1,126,58,184
176,p_174,0,14,e_0,406,531,589,14,2,2,3,4,0,1,23,6,6,7,5,5,1,6,1,0,6,4,0,1,14,2,2,12,2,2,1,125,58,183
177,p_170,0,14,e_0,410,531,589,13,2,2,2,4,0,1,22,6,6,8,5,5,1,4,1,0,4,4,0,1,13,2,2,13,5,1,1,121,58,179
178,p_104,0,14,e_0,503,531,589,18,3,3,9,4,0,1,27,8,8,3,5,7,1,30,8,8,0,5,8,0,18,3,3,12,5,2,1,28,58,86
179,p_76,0,6,e_3,558,561,589,1,1,0,1,4,0,1,23,7,7,7,5,6,1,13,1,0,13,4,0,1,16,1,1,14,5,1,0,3,28,31
180,p_172,0,15,e_0,408,531,594,14,2,2,3,4,0,1,23,6,6,7,5,5,1,5,1,0,5,4,0,1,14,2,2,12,5,1,1,123,63,186
181,p_80,0,7,e_3,552,561,594,3,1,0,3,4,0,1,25,7,7,5,5,6,1,15,1,0,15,4,0,1,18,1,1,12,5,1,0,9,33,42
182,p_87,0,8,e_3,539,561,599,7,1,0,7,4,0,1,28,9,9,2,5,8,1,19,2,2,11,5,1,1,21,3,3,9,5,3,0,22,38,60
183,p_83,0,8,e_3,549,561,599,4,1,0,4,4,0,1,26,7,7,4,5,6,1,16,2,2,14,5,1,1,19,1,1,11,5,1,0,12,38,50
184,p_147,0,9,e_3,452,561,604,0,0,0,0,3,0,0,22,6,6,8,2,6,1,11,1,0,11,4,0,1,14,2,2,8,5,2,0,109,43,152
185,p_89,0,9,e_3,535,561,604,8,1,0,8,4,0,1,29,9,9,1,2,9,1,20,3,3,10,5,2,1,22,3,3,8,2,4,0,26,43,69
186,p_130,0,1,e_1,472,599,606,25,7,7,5,4,0,1,18,3,3,12,5,2,1,9,1,0,9,4,0,1,25,7,7,5,5,6,1,127,7,134
187,p_129,0,3,e_1,473,599,614,25,7,7,4,4,0,1,18,3,3,12,5,2,1,9,1,0,9,4,0,1,25,7,7,5,5,6,1,126,15,141
188,p_84,0,12,e_3,546,561,615,5,1,0,5,4,0,1,27,8,8,3,5,7,1,17,2,2,13,5,1,1,20,2,2,10,5,2,0,15,54,69
189,p_78,0,12,e_3,556,561,615,1,1,0,1,4,0,1,24,7,7,6,5,6,1,14,1,0,14,4,0,1,17,1,1,13,5,1,0,5,54,59
190,p_72,0,3,e_2,562,610,621,30,10,10,15,2,1,0,22,7,7,8,5,6,1,12,1,0,12,4,0,1,30,10,10,0,2,10,0,48,11,59
191,p_82,0,14,e_3,550,561,623,3,1,0,3,4,0,1,26,7,7,4,5,6,1,15,2,2,15,5,1,1,19,1,1,11,5,1,0,11,62,73
192,p_81,0,14,e_3,551,561,623,3,1,0,3,4,0,1,26,7,7,4,5,6,1,15,1,1,15,2,1,1,19,1,1,11,5,1,0,10,62,72
193,p_79,0,14,e_3,553,561,623,2,1,0,2,4,0,1,25,7,7,5,5,6,1,15,1,0,15,4,0,1,18,1,1,12,5,1,0,8,62,70
194,p_124,0,7,e_1,478,599,628,24,6,6,3,4,0,1,17,2,2,13,5,1,1,7,1,0,7,4,0,1,24,6,6,6,5,5,1,121,29,150
195,p_85,0,15,e_3,545,561,628,5,1,0,5,4,0,1,27,8,8,3,5,7,1,17,2,2,13,5,1,1,20,2,2,10,5,2,0,16,67,83
196,p_135,0,10,e_1,466,599,639,27,7,7,7,4,0,1,19,4,4,11,5,3,1,11,1,0,11,4,0,1,27,7,7,3,5,6,1,133,40,173
197,p_127,0,10,e_1,475,599,639,24,7,7,4,4,0,1,17,2,2,13,2,2,1,8,1,0,8,4,0,1,24,7,7,6,5,6,1,124,40,164
198,p_132,0,11,e_1,470,599,644,26,7,7,5,4,0,1,18,3,3,12,2,3,1,10,1,0,10,4,0,1,26,7,7,4,5,6,1,129,45,174
199,p_128,0,11,e_1,474,599,644,25,7,7,4,4,0,1,17,3,3,13,5,2,1,8,1,0,8,4,0,1,25,7,7,5,5,6,1,125,45,170
200,p_123,0,11,e_1,479,599,644,24,6,6,2,4,0,1,16,2,2,14,5,1,1,7,1,0,7,4,0,1,24,6,6,6,5,5,1,120,45,165
201,p_121,0,11,e_1,481,599,644,23,5,5,2,4,0,1,16,2,2,14,5,1,1,6,1,0,6,4,0,1,23,5,5,7,2,5,1,118,45,163
202,p_96,0,1,e_0,517,641,646,14,1,0,4,4,0,1,24,6,6,6,5,5,1,27,6,6,3,5,6,0,14,1,0,14,4,0,1,124,5,129
203,p_41,0,11,e_2,600,610,647,22,5,5,3,4,0,1,13,1,0,13,4,0,1,30,8,8,0,2,8,0,22,5,5,8,5,4,1,10,37,47
204,p_133,0,12,e_1,469,599,649,26,7,7,6,4,0,1,18,4,4,12,5,3,1,10,1,0,10,4,0,1,26,7,7,4,5,6,1,130,50,180
205,p_126,0,12,e_1,476,599,649,24,6,6,3,4,0,1,17,2,2,13,5,1,1,8,1,0,8,4,0,1,24,6,6,6,2,6,1,123,50,173
206,p_39,0,12,e_2,607,610,652,20,4,4,1,4,0,1,11,1,0,11,4,0,1,29,8,8,1,5,7,1,20,4,4,10,5,3,1,3,42,45
207,p_92,0,4,e_0,525,641,657,12,1,0,2,4,0,1,22,5,5,8,5,4,1,25,5,5,5,5,5,0,12,1,0,12,4,0,1,116,16,132
208,p_131,0,14,e_1,471,599,657,26,7,7,5,4,0,1,18,3,3,12,5,2,1,9,1,0,9,4,0,1,26,7,7,4,5,6,1,128,58,186
209,p_125,0,14,e_1,477,599,657,24,6,6,3,4,0,1,17,2,2,13,5,1,1,7,1,0,7,4,0,1,24,6,6,6,5,5,1,122,58,180
210,p_40,0,13,e_2,602,610,657,21,5,5,2,4,0,1,13,1,0,13,4,0,1,30,8,8,0,5,8,0,21,5,5,9,5,4,1,8,47,55
211,p_38,0,13,e_2,608,610,657,20,4,4,0,4,0,1,11,1,0,11,4,0,1,29,8,8,1,5,7,1,20,4,4,10,5,3,1,2,47,49
212,p_134,0,15,e_1,467,599,662,27,7,7,6,4,0,1,19,4,4,11,5,3,1,11,1,0,11,4,0,1,27,7,7,3,5,6,1,132,63,195
213,p_122,0,15,e_1,480,599,662,23,6,6,2,4,0,1,16,2,2,14,5,1,1,6,1,0,6,4,0,1,23,6,6,7,5,5,1,119,63,182
214,p_99,0,6,e_0,514,641,665,15,1,0,5,4,0,1,24,6,6,6,2,6,1,27,6,6,3,2,7,0,15,1,0,15,4,0,1,127,24,151
215,p_94,0,6,e_0,519,641,665,14,1,0,4,4,0,1,23,6,6,7,5,5,1,4,5,5,4,3,6,0,14,1,0,14,4,0,1,122,24,146
216,p_102,0,7,e_0,509,641,670,16,2,2,7,4,0,1,26,7,7,4,5,6,1,29,7,7,1,5,7,0,16,2,2,14,5,1,1,132,29,161
217,p_98,0,7,e_0,515,641,670,15,1,0,5,4,0,1,24,6,6,6,5,5,1,27,6,6,3,5,6,0,15,1,0,15,4,0,1,126,29,155
218,p_97,0,7,e_0,516,641,670,15,1,0,5,4,0,1,24,6,6,6,5,5,1,27,6,6,3,5,6,0,15,1,0,15,4,0,1,125,29,154
219,p_101,0,8,e_0,511,641,675,16,2,2,6,4,0,1,25,7,7,5,5,6,1,28,7,7,2,5,7,0,16,2,2,14,5,1,1,130,34,164
220,p_100,0,9,e_0,513,641,680,15,1,1,6,4,0,1,24,7,7,6,5,6,1,27,7,7,3,5,7,0,15,1,1,15,2,1,1,128,39,167
221,p_37,0,9,e_0,615,641,680,18,3,3,8,4,0,1,27,7,7,3,5,6,1,25,4,4,1,5,4,0,18,3,3,12,5,2,1,26,39,65
222,p_30,0,3,e_3,668,675,686,2,1,0,2,4,0,1,21,7,7,7,5,6,1,13,1,0,13,4,0,1,13,0,0,13,3,0,0,7,11,18
223,p_91,0,12,e_0,526,641,691,11,1,0,1,4,0,1,21,5,5,9,5,4,1,24,5,5,6,5,5,0,11,1,0,11,4,0,1,115,50,165
224,p_75,0,5,e_3,559,675,694,0,1,0,0,4,0,1,23,7,7,7,5,6,1,13,1,0,13,4,0,1,16,1,1,14,5,1,0,116,19,135
225,p_29,0,5,e_3,670,675,694,1,1,0,1,4,0,1,21,6,6,7,5,5,1,13,1,0,13,4,0,1,13,0,0,13,3,0,0,5,19,24
226,p_93,0,13,e_0,520,641,696,13,1,0,3,4,0,1,23,6,6,7,5,5,1,26,5,5,4,5,5,0,13,1,0,13,4,0,1,121,55,176
227,p_90,0,13,e_0,527,641,696,11,1,0,1,4,0,1,21,4,4,9,2,4,1,24,4,4,6,2,5,0,11,1,0,11,4,0,1,114,55,169
228,p_36,0,13,e_0,628,641,696,15,1,0,4,4,0,1,23,6,6,7,5,5,1,21,3,3,5,5,3,0,15,1,0,15,4,0,1,13,55,68
229,p_32,0,6,e_3,650,675,699,8,1,0,8,4,0,1,26,9,9,2,5,8,1,18,3,3,12,5,2,1,14,2,2,12,5,2,0,25,24,49
230,p_31,0,6,e_3,666,675,699,3,1,0,3,4,0,1,22,7,7,6,5,6,1,14,1,0,14,4,0,1,13,0,0,13,3,0,0,9,24,33
231,p_95,0,14,e_0,518,641,701,14,1,0,4,4,0,1,23,6,6,7,5,5,1,26,6,6,4,5,6,0,14,1,0,14,4,0,1,123,60,183
232,p_74,0,7,e_3,560,675,704,0,0,0,0,3,0,0,23,7,7,7,5,6,1,13,1,0,13,4,0,1,16,1,1,14,5,1,0,115,29,144
233,p_119,0,1,e_1,483,709,714,23,5,5,1,4,0,1,15,1,1,15,2,1,1,5,1,0,5,4,0,1,23,5,5,7,5,4,1,226,5,231
234,p_65,0,1,e_1,573,709,714,28,10,10,8,4,0,1,19,5,5,11,2,5,1,12,1,0,12,4,0,1,28,10,10,2,5,9,1,136,5,141
235,p_34,0,12,e_3,646,675,721,9,1,0,9,4,0,1,27,9,9,1,5,8,1,19,4,4,11,5,3,1,15,2,2,11,2,3,0,29,46,75
236,p_71,0,3,e_1,564,709,722,30,10,10,11,4,0,1,21,7,7,9,5,6,1,15,1,0,15,4,0,1,30,10,10,0,5,10,0,145,13,158
237,p_70,0,3,e_1,565,709,722,30,10,10,11,4,0,1,21,6,6,9,2,6,1,15,1,0,15,4,0,1,30,10,10,0,5,10,0,144,13,157
238,p_67,0,3,e_1,568,709,722,29,11,11,10,4,0,1,21,6,6,9,5,5,1,14,1,0,14,4,0,1,29,11,11,1,5,10,1,141,13,154
239,p_66,0,3,e_1,569,709,722,28,11,11,10,4,0,1,20,6,6,10,5,5,1,13,1,0,13,4,0,1,28,11,11,2,5,10,1,140,13,153
240,p_64,0,4,e_1,574,709,727,27,10,10,8,4,0,1,19,5,5,11,5,4,1,12,1,0,12,4,0,1,27,10,10,3,5,9,1,135,18,153
241,p_33,0,15,e_3,649,675,732,8,1,0,8,4,0,1,26,9,9,2,5,8,1,18,3,3,12,5,2,1,15,2,2,11,5,2,0,26,57,83
242,p_118,0,7,e_1,484,709,738,23,5,5,1,4,0,1,15,1,0,15,4,0,1,5,1,0,5,4,0,1,23,5,5,7,5,4,1,225,29,254
243,p_117,0,10,e_1,485,709,749,22,5,5,0,4,0,1,15,1,0,15,4,0,1,5,1,0,5,4,0,1,22,5,5,8,5,4,1,224,40,264
244,p_116,0,10,e_1,486,709,749,22,4,4,0,3,0,0,15,1,0,15,4,0,1,4,1,0,4,4,0,1,22,4,4,8,2,4,1,223,40,263
245,p_28,0,11,e_2,676,718,753,30,6,6,13,3,0,0,20,5,5,8,5,4,1,11,1,0,11,4,0,1,30,6,6,0,5,6,0,42,35,77
246,p_120,0,11,e_1,482,709,754,23,5,5,1,4,0,1,15,2,2,15,5,1,1,6,1,0,6,4,0,1,23,5,5,7,5,4,1,227,45,272
247,p_73,0,11,e_1,561,709,754,30,11,11,12,4,0,1,22,7,7,8,5,6,1,15,1,1,15,5,1,0,30,11,11,0,5,10,1,148,45,193
248,p_22,0,3,e_0,719,745,756,18,2,2,8,4,0,1,26,8,8,2,5,7,1,24,2,2,0,5,2,0,18,2,2,12,5,2,0,26,11,37
249,p_23,0,12,e_2,711,718,758,21,2,2,2,4,0,1,11,1,0,11,4,0,1,28,8,8,0,5,8,0,21,2,2,9,5,2,0,7,40,47
250,p_21,0,4,e_0,731,745,761,15,0,0,4,4,0,1,23,6,6,5,5,5,1,20,2,2,4,5,2,0,15,0,0,15,2,1,0,14,16,30
251,p_68,0,13,e_1,567,709,762,29,11,11,10,4,0,1,21,6,6,9,5,5,1,14,1,0,14,4,0,1,29,11,11,1,5,10,1,142,53,195
252,p_63,0,13,e_1,577,709,762,27,9,9,7,4,0,1,18,5,5,12,5,4,1,11,1,0,11,4,0,1,27,9,9,3,5,8,1,132,53,185
253,p_69,0,14,e_1,566,709,767,29,11,11,11,4,0,1,21,6,6,9,5,5,1,14,1,0,14,4,0,1,29,11,11,1,5,10,1,143,58,201
254,p_35,0,9,e_0,630,745,778,15,1,0,3,4,0,1,23,6,6,7,5,5,1,20,3,3,6,5,3,0,15,1,0,15,4,0,1,115,33,148
255,p_20,0,14,e_0,734,745,795,15,0,0,3,4,0,1,22,6,6,6,5,5,1,19,2,2,5,5,2,0,15,0,0,15,3,0,0,11,50,61
256,p_16,0,2,e_3,780,802,810,7,1,0,7,4,0,1,19,1,1,9,5,1,0,10,1,0,10,4,0,1,8,1,0,8,4,0,1,22,8,30
257,p_14,0,4,e_3,794,802,818,2,1,0,2,4,0,1,14,0,0,14,2,1,0,5,1,0,5,4,0,1,3,1,0,3,4,0,1,8,16,24
258,p_55,0,3,e_1,585,811,822,25,8,8,4,4,0,1,17,3,3,13,5,2,1,8,1,0,8,4,0,1,25,8,8,5,5,7,1,226,11,237
259,p_54,0,3,e_1,586,811,822,25,8,8,4,4,0,1,17,3,3,13,5,2,1,8,1,0,8,4,0,1,25,8,8,5,5,7,1,225,11,236
260,p_52,0,3,e_1,588,811,822,24,7,7,3,4,0,1,16,2,2,14,2,2,1,7,1,0,7,4,0,1,24,7,7,6,2,7,1,223,11,234
261,p_48,0,4,e_1,592,811,827,23,7,7,2,4,0,1,15,2,2,15,5,1,1,6,1,0,6,4,0,1,23,7,7,7,5,6,1,219,16,235
262,p_61,0,6,e_1,579,811,835,26,9,9,6,4,0,1,18,4,4,12,5,3,1,10,1,0,10,4,0,1,26,9,9,4,5,8,1,232,24,256
263,p_56,0,6,e_1,584,811,835,25,8,8,5,4,0,1,17,3,3,13,5,2,1,8,1,0,8,4,0,1,25,8,8,5,5,7,1,227,24,251
264,p_15,0,9,e_3,793,802,835,3,1,0,3,4,0,1,14,1,1,14,5,1,0,6,1,0,6,4,0,1,4,1,0,4,4,0,1,9,33,42
265,p_18,0,10,e_2,766,805,837,12,1,0,12,3,0,0,23,2,2,5,5,2,0,14,1,1,14,2,1,1,12,1,0,12,4,0,1,39,32,71
266,p_50,0,7,e_1,590,811,840,24,7,7,3,4,0,1,16,2,2,14,5,1,1,6,1,0,6,4,0,1,24,7,7,6,5,6,1,221,29,250
267,p_17,0,10,e_3,776,802,840,8,1,0,8,4,0,1,19,2,2,9,5,2,0,11,1,0,11,4,0,1,9,1,0,9,4,0,1,26,38,64
268,p_19,0,11,e_3,754,802,845,15,0,0,15,3,0,0,25,4,4,3,5,4,0,17,3,3,11,5,2,1,13,1,1,11,5,1,0,48,43,91
269,p_13,0,11,e_3,796,802,845,2,1,0,2,4,0,1,14,0,0,14,3,0,0,5,1,0,5,4,0,1,3,1,0,3,4,0,1,6,43,49
270,p_12,0,11,e_3,798,802,845,1,1,0,1,4,0,1,14,0,0,14,3,0,0,4,1,0,4,4,0,1,2,1,0,2,4,0,1,4,43,47
271,p_53,0,9,e_1,587,811,848,24,8,8,4,4,0,1,16,3,3,14,5,2,1,7,1,0,7,4,0,1,24,8,8,6,5,7,1,224,37,261
272,p_51,0,9,e_1,589,811,848,24,7,7,3,4,0,1,16,2,2,14,5,1,1,7,1,0,7,4,0,1,24,7,7,6,5,6,1,222,37,259
273,p_60,0,10,e_1,580,811,853,26,9,9,6,4,0,1,18,4,4,12,5,3,1,10,1,0,10,4,0,1,26,9,9,4,5,8,1,231,42,273
274,p_58,0,11,e_1,582,811,858,25,9,9,5,4,0,1,17,4,4,13,5,3,1,9,1,0,9,4,0,1,25,9,9,5,5,8,1,229,47,276
275,p_57,0,11,e_1,583,811,858,25,8,8,5,4,0,1,17,3,3,13,2,3,1,9,1,0,9,4,0,1,25,8,8,5,2,8,1,228,47,275
276,p_62,0,13,e_1,578,811,866,27,9,9,7,4,0,1,18,4,4,12,2,4,1,10,1,0,10,4,0,1,27,9,9,3,5,8,1,233,55,288
277,p_59,0,14,e_1,581,811,871,26,9,9,6,4,0,1,18,4,4,12,5,3,1,9,1,0,9,4,0,1,26,9,9,4,5,8,1,230,60,290
278,p_49,0,14,e_1,591,811,871,24,7,7,2,4,0,1,16,2,2,14,5,1,1,6,1,0,6,4,0,1,24,7,7,6,5,6,1,220,60,280
279,p_9,0,2,e_2,846,879,887,11,0,0,10,3,0,0,11,1,0,11,4,0,1,19,6,6,9,5,5,1,11,0,0,11,3,0,0,33,8,41
280,p_6,0,3,e_2,877,879,892,11,0,0,0,4,0,1,1,1,0,1,4,0,1,12,1,0,12,4,0,1,11,0,0,11,3,0,0,2,13,15
281,p_7,0,5,e_0,875,880,897,11,0,0,1,4,0,1,13,1,0,13,4,0,1,1,1,0,1,4,0,1,11,0,0,11,3,0,0,5,17,22
282,p_10,0,8,e_0,835,880,908,13,2,2,14,3,0,0,22,7,7,6,5,6,1,10,1,1,10,5,1,0,13,2,2,9,5,2,0,45,28,73
283,p_8,0,11,e_2,874,879,918,11,0,0,1,4,0,1,2,1,0,2,4,0,1,13,1,0,13,4,0,1,11,0,0,11,3,0,0,5,39,44
284,p_4,0,1,e_1,886,915,920,11,1,0,9,4,0,1,14,2,2,2,5,2,0,20,2,2,2,2,3,0,11,1,0,11,4,0,1,29,5,34
285,p_45,0,2,e_1,595,915,925,23,6,6,1,4,0,1,15,1,0,15,4,0,1,5,1,0,5,4,0,1,23,6,6,7,5,5,1,320,10,330
286,p_24,0,2,e_1,695,915,925,25,4,4,4,4,0,1,15,2,2,13,2,2,1,7,1,0,7,4,0,1,25,4,4,5,5,4,0,220,10,230
287,p_46,0,4,e_1,594,915,933,23,6,6,1,4,0,1,15,1,0,15,4,0,1,5,1,0,5,4,0,1,23,6,6,7,5,5,1,321,18,339
288,p_1,0,5,e_1,894,915,938,8,1,0,7,4,0,1,12,2,2,4,5,2,0,19,1,1,3,5,1,0,8,1,0,8,4,0,1,21,23,44
289,p_42,0,6,e_1,598,915,943,22,5,5,0,3,0,0,14,1,0,14,4,0,1,4,1,0,4,4,0,1,22,5,5,8,2,5,1,317,28,345
290,p_5,0,8,e_3,883,919,945,11,0,0,11,3,0,0,15,2,2,1,5,2,0,10,1,0,10,4,0,1,21,3,3,1,5,3,0,36,26,62
291,p_43,0,7,e_1,597,915,948,22,6,6,0,4,0,1,14,1,0,14,4,0,1,4,1,0,4,4,0,1,22,6,6,8,5,5,1,318,33,351
292,p_44,0,8,e_1,596,915,953,23,6,6,1,4,0,1,15,1,0,15,4,0,1,4,1,0,4,4,0,1,23,6,6,7,5,5,1,319,38,357
293,p_26,0,8,e_1,684,915,953,27,6,6,8,4,0,1,18,4,4,10,5,3,1,11,1,0,11,4,0,1,27,6,6,3,5,6,0,231,38,269
294,p_25,0,8,e_1,686,915,953,27,5,5,7,4,0,1,17,4,4,11,5,3,1,10,1,0,10,4,0,1,27,5,5,3,5,5,0,229,38,267
295,p_3,0,8,e_1,888,915,953,10,1,0,9,4,0,1,14,2,2,2,5,2,0,20,2,2,2,5,2,0,10,1,0,10,4,0,1,27,38,65
296,p_47,0,9,e_1,593,915,958,23,6,6,2,4,0,1,15,1,1,15,2,1,1,5,1,0,5,4,0,1,23,6,6,7,2,6,1,322,43,365
297,p_11,0,9,e_1,807,915,958,21,5,5,1,4,0,1,14,0,0,14,3,0,0,20,1,1,0,5,1,0,21,5,5,1,5,5,0,108,43,151
298,p_27,0,10,e_1,677,915,963,30,6,6,10,4,0,1,20,5,5,8,5,4,1,13,1,0,13,4,0,1,30,6,6,0,5,6,0,238,48,286
299,p_2,0,11,e_1,892,915,968,9,1,0,7,4,0,1,12,2,2,4,5,2,0,19,1,1,3,5,1,0,9,1,0,9,4,0,1,23,53,76
